"PEP_ID","PLANT_ID","CULT_ID","BBCH","YEAR","DAY"
7185,106,21,10,2011,153
7184,106,21,10,2011,149
7180,106,21,10,2011,142
7178,106,21,10,2011,150
7175,106,21,10,2011,144
7174,106,21,10,2011,140
7173,106,21,10,2011,134
7172,106,21,10,2011,130
7168,106,21,10,2011,136
7165,106,21,10,2011,128
7164,106,21,10,2011,131
7163,106,21,10,2011,133
7160,106,21,10,2011,131
7159,106,21,10,2011,129
7156,106,21,10,2011,122
7155,106,21,10,2011,130
7154,106,21,10,2011,127
7153,106,21,10,2011,129
7185,106,21,10,2010,155
7184,106,21,10,2010,148
7181,106,21,10,2010,139
7180,106,21,10,2010,138
7178,106,21,10,2010,141
7175,106,21,10,2010,138
7174,106,21,10,2010,138
7173,106,21,10,2010,134
7172,106,21,10,2010,135
7168,106,21,10,2010,135
7166,106,21,10,2010,132
7165,106,21,10,2010,134
7164,106,21,10,2010,134
7163,106,21,10,2010,135
7160,106,21,10,2010,136
7159,106,21,10,2010,134
7156,106,21,10,2010,136
7155,106,21,10,2010,136
7154,106,21,10,2010,134
7153,106,21,10,2010,136
7180,106,20,10,2011,143
7178,106,20,10,2011,151
7175,106,20,10,2011,145
7174,106,20,10,2011,142
7173,106,20,10,2011,133
7172,106,20,10,2011,131
7168,106,20,10,2011,131
7165,106,20,10,2011,127
7164,106,20,10,2011,128
7163,106,20,10,2011,129
7160,106,20,10,2011,127
7156,106,20,10,2011,116
7155,106,20,10,2011,122
7154,106,20,10,2011,117
7153,106,20,10,2011,126
7180,106,20,10,2010,139
7178,106,20,10,2010,140
7175,106,20,10,2010,139
7174,106,20,10,2010,136
7173,106,20,10,2010,134
7172,106,20,10,2010,134
7168,106,20,10,2010,134
7166,106,20,10,2010,132
7165,106,20,10,2010,132
7164,106,20,10,2010,133
7163,106,20,10,2010,132
7160,106,20,10,2010,133
7159,106,20,10,2010,132
7156,106,20,10,2010,135
7155,106,20,10,2010,132
7154,106,20,10,2010,129
7153,106,20,10,2010,132
7185,106,21,10,1997,160
7184,106,21,10,1997,167
7181,106,21,10,1997,159
7180,106,20,10,1997,153
7180,106,21,10,1997,153
7178,106,20,10,1997,160
7178,106,21,10,1997,160
7175,106,20,10,1997,154
7175,106,21,10,1997,154
7174,106,20,10,1997,157
7174,106,21,10,1997,157
7173,106,20,10,1997,149
7173,106,21,10,1997,150
7172,106,20,10,1997,142
7172,106,21,10,1997,142
7169,106,20,10,1997,139
7169,106,21,10,1997,146
7168,106,20,10,1997,150
7168,106,21,10,1997,152
7167,106,20,10,1997,148
7167,106,21,10,1997,151
7166,106,20,10,1997,141
7166,106,21,10,1997,148
7165,106,20,10,1997,135
7165,106,21,10,1997,139
7164,106,20,10,1997,139
7164,106,21,10,1997,139
7163,106,20,10,1997,135
7163,106,21,10,1997,142
7160,106,20,10,1997,135
7160,106,21,10,1997,135
7159,106,20,10,1997,135
7159,106,21,10,1997,147
7158,106,20,10,1997,135
7158,106,21,10,1997,139
7156,106,20,10,1997,133
7156,106,21,10,1997,136
7155,106,20,10,1997,133
7155,106,21,10,1997,135
7154,106,20,10,1997,135
7154,106,21,10,1997,142
7153,106,20,10,1997,132
7153,106,21,10,1997,134
7185,106,21,10,1998,166
7184,106,21,10,1998,160
7181,106,21,10,1998,162
7180,106,20,10,1998,147
7180,106,21,10,1998,147
7178,106,20,10,1998,164
7178,106,21,10,1998,164
7175,106,20,10,1998,140
7175,106,21,10,1998,139
7174,106,20,10,1998,138
7174,106,21,10,1998,138
7173,106,20,10,1998,136
7173,106,21,10,1998,138
7172,106,20,10,1998,134
7172,106,21,10,1998,134
7169,106,20,10,1998,131
7169,106,21,10,1998,134
7168,106,20,10,1998,137
7168,106,21,10,1998,138
7167,106,20,10,1998,136
7167,106,21,10,1998,138
7166,106,20,10,1998,138
7166,106,21,10,1998,138
7165,106,20,10,1998,134
7165,106,21,10,1998,136
7164,106,20,10,1998,132
7164,106,21,10,1998,135
7163,106,20,10,1998,132
7163,106,21,10,1998,135
7160,106,20,10,1998,123
7160,106,21,10,1998,127
7159,106,20,10,1998,122
7159,106,21,10,1998,135
7158,106,20,10,1998,122
7158,106,21,10,1998,124
7156,106,20,10,1998,121
7156,106,21,10,1998,131
7155,106,20,10,1998,121
7155,106,21,10,1998,132
7154,106,20,10,1998,123
7154,106,21,10,1998,130
7153,106,20,10,1998,122
7153,106,21,10,1998,123
7215,106,20,10,1997,128
7212,106,20,10,1997,131
7211,106,20,10,1997,123
7210,106,20,10,1997,128
7208,106,20,10,1997,128
7205,106,20,10,1997,130
7213,106,20,10,1997,120
7207,106,20,10,1997,126
7201,106,20,10,1997,128
7200,106,20,10,1997,124
7202,106,20,10,1997,128
7198,106,20,10,1997,128
7197,106,20,10,1997,121
7196,106,20,10,1997,125
7204,106,20,10,1997,130
8016,106,20,10,1997,125
7215,106,20,10,1995,115
8015,106,20,10,1997,125
7211,106,20,10,1995,114
7210,106,20,10,1995,115
7193,106,20,10,1997,126
7209,106,20,10,1995,111
7208,106,20,10,1995,113
7191,106,20,10,1997,130
7205,106,20,10,1995,115
7188,106,20,10,1997,125
7213,106,20,10,1995,115
7215,106,20,10,1994,118
7207,106,20,10,1995,114
7212,106,20,10,1994,121
7215,106,20,10,1996,115
7215,106,20,10,1998,117
7201,106,20,10,1995,114
7211,106,20,10,1994,115
7210,106,20,10,1996,115
7212,106,20,10,1998,122
7210,106,20,10,1994,116
7200,106,20,10,1995,102
7208,106,20,10,1996,116
7209,106,20,10,1994,117
7202,106,20,10,1995,115
7211,106,20,10,1998,115
7208,106,20,10,1994,115
7205,106,20,10,1996,120
7210,106,20,10,1998,117
7198,106,20,10,1995,116
7205,106,20,10,1994,119
7213,106,20,10,1996,118
7209,106,20,10,1998,116
7197,106,20,10,1995,106
7207,106,20,10,1996,116
7213,106,20,10,1994,118
7196,106,20,10,1995,113
7208,106,20,10,1998,118
7207,106,20,10,1994,118
7201,106,20,10,1996,118
7201,106,20,10,1994,117
7204,106,20,10,1995,115
7202,106,20,10,1996,118
7205,106,20,10,1998,116
8016,106,20,10,1995,114
7198,106,20,10,1996,117
7200,106,20,10,1994,114
7213,106,20,10,1998,115
8015,106,20,10,1995,114
7197,106,20,10,1996,122
7202,106,20,10,1994,118
7193,106,20,10,1995,113
7215,106,20,10,1993,117
7198,106,20,10,1994,114
7201,106,20,10,1998,116
7197,106,20,10,1994,116
7191,106,20,10,1995,121
7212,106,20,10,1993,122
7204,106,20,10,1996,123
7200,106,20,10,1998,115
7204,106,20,10,1994,116
7211,106,20,10,1993,117
8016,106,20,10,1996,115
7209,106,20,10,1993,119
7202,106,20,10,1998,118
8016,106,20,10,1994,118
7208,106,20,10,1993,114
7193,106,20,10,1996,120
7198,106,20,10,1998,116
8015,106,20,10,1994,115
7191,106,20,10,1996,122
7197,106,20,10,1998,113
7205,106,20,10,1993,116
7193,106,20,10,1994,118
7196,106,20,10,1998,111
7191,106,20,10,1994,126
7213,106,20,10,1993,118
7204,106,20,10,1998,119
7207,106,20,10,1993,118
8016,106,20,10,1998,116
7201,106,20,10,1993,118
7193,106,20,10,1998,117
7200,106,20,10,1993,146
7202,106,20,10,1993,117
7188,106,20,10,1998,116
7198,106,20,10,1993,118
7197,106,20,10,1993,115
7204,106,20,10,1993,122
7195,106,20,10,1993,109
8016,106,20,10,1993,116
8015,106,20,10,1993,118
7193,106,20,10,1993,114
7191,106,20,10,1993,121
7188,106,20,10,1993,118
7185,106,21,10,2000,153
7184,106,21,10,2000,151
7181,106,21,10,2000,149
7180,106,20,10,2000,142
7180,106,21,10,2000,142
7178,106,20,10,2000,153
7178,106,21,10,2000,152
7175,106,20,10,2000,142
7175,106,21,10,2000,142
7174,106,20,10,2000,140
7174,106,21,10,2000,140
7173,106,20,10,2000,138
7173,106,21,10,2000,138
7172,106,20,10,2000,133
7172,106,21,10,2000,136
7169,106,20,10,2000,127
7169,106,21,10,2000,127
7168,106,20,10,2000,136
7168,106,21,10,2000,136
7167,106,20,10,2000,131
7167,106,21,10,2000,131
7166,106,20,10,2000,125
7166,106,21,10,2000,125
7165,106,20,10,2000,127
7165,106,21,10,2000,129
7164,106,20,10,2000,128
7164,106,21,10,2000,131
7163,106,20,10,2000,117
7163,106,21,10,2000,129
7160,106,20,10,2000,128
7160,106,21,10,2000,135
7159,106,20,10,2000,118
7159,106,21,10,2000,132
7158,106,20,10,2000,115
7158,106,21,10,2000,121
7156,106,20,10,2000,111
7156,106,21,10,2000,125
7155,106,20,10,2000,116
7155,106,21,10,2000,117
7154,106,20,10,2000,116
7154,106,21,10,2000,128
7153,106,20,10,2000,115
7153,106,21,10,2000,119
7215,106,20,10,2000,112
7212,106,20,10,2000,111
7211,106,20,10,2000,110
7210,106,20,10,2000,112
7209,106,20,10,2000,109
7208,106,20,10,2000,116
7205,106,20,10,2000,113
7213,106,20,10,2000,110
7207,106,20,10,2000,113
7201,106,20,10,2000,47
7200,106,20,10,2000,114
7202,106,20,10,2000,112
7199,106,20,10,2000,108
7198,106,20,10,2000,111
7197,106,20,10,2000,100
7196,106,20,10,2000,116
7204,106,20,10,2000,113
8016,106,20,10,2000,110
8015,106,20,10,2000,108
7193,106,20,10,2000,112
7185,106,21,10,2001,159
7184,106,21,10,2001,159
7181,106,21,10,2001,155
7180,106,20,10,2001,143
7180,106,21,10,2001,143
7178,106,20,10,2001,159
7178,106,21,10,2001,159
7175,106,20,10,2001,152
7175,106,21,10,2001,152
7174,106,20,10,2001,137
7174,106,21,10,2001,137
7173,106,20,10,2001,133
7173,106,21,10,2001,136
7172,106,20,10,2001,132
7172,106,21,10,2001,133
7169,106,20,10,2001,120
7169,106,21,10,2001,120
7168,106,20,10,2001,128
7168,106,21,10,2001,131
7167,106,20,10,2001,123
7167,106,21,10,2001,125
7166,106,20,10,2001,120
7166,106,21,10,2001,124
7165,106,20,10,2001,121
7165,106,21,10,2001,127
7164,106,20,10,2001,123
7164,106,21,10,2001,127
7163,106,20,10,2001,120
7163,106,21,10,2001,124
7160,106,20,10,2001,127
7160,106,21,10,2001,129
7159,106,20,10,2001,124
7159,106,21,10,2001,130
7158,106,20,10,2001,127
7158,106,21,10,2001,128
7156,106,20,10,2001,116
7156,106,21,10,2001,123
7155,106,20,10,2001,120
7155,106,21,10,2001,128
7154,106,20,10,2001,120
7154,106,21,10,2001,129
7153,106,20,10,2001,122
7153,106,21,10,2001,124
7215,106,20,10,2001,115
7212,106,20,10,2001,130
7211,106,20,10,2001,116
7210,106,20,10,2001,117
7209,106,20,10,2001,116
7208,106,20,10,2001,119
7205,106,20,10,2001,119
7213,106,20,10,2001,123
7207,106,20,10,2001,118
7201,106,20,10,2001,120
7200,106,20,10,2001,121
7202,106,20,10,2001,122
7199,106,20,10,2001,120
7198,106,20,10,2001,117
7197,106,20,10,2001,113
7196,106,20,10,2001,114
7204,106,20,10,2001,121
8016,106,20,10,2001,117
8015,106,20,10,2001,118
7193,106,20,10,2001,120
7185,106,21,10,2004,161
7184,106,21,10,2004,151
7181,106,21,10,2004,141
7180,106,20,10,2004,130
7180,106,21,10,2004,130
7178,106,20,10,2004,161
7178,106,21,10,2004,161
7175,106,20,10,2004,141
7175,106,21,10,2004,141
7174,106,20,10,2004,128
7174,106,21,10,2004,130
7173,106,20,10,2004,125
7173,106,21,10,2004,126
7172,106,20,10,2004,123
7172,106,21,10,2004,126
7169,106,20,10,2004,126
7169,106,21,10,2004,126
7168,106,20,10,2004,127
7168,106,21,10,2004,128
7167,106,20,10,2004,126
7167,106,21,10,2004,128
7166,106,20,10,2004,124
7166,106,21,10,2004,127
7165,106,20,10,2004,125
7165,106,21,10,2004,127
7164,106,20,10,2004,124
7164,106,21,10,2004,126
7163,106,20,10,2004,124
7163,106,21,10,2004,126
7160,106,20,10,2004,122
7160,106,21,10,2004,125
7159,106,20,10,2004,124
7159,106,21,10,2004,127
7158,106,20,10,2004,123
7158,106,21,10,2004,123
7156,106,20,10,2004,116
7156,106,21,10,2004,122
7155,106,20,10,2004,121
7155,106,21,10,2004,125
7154,106,20,10,2004,123
7154,106,21,10,2004,127
7153,106,20,10,2004,121
7153,106,21,10,2004,123
7212,106,20,10,2004,115
7211,106,20,10,2004,110
7210,106,20,10,2004,113
7209,106,20,10,2004,111
7208,106,20,10,2004,119
7205,106,20,10,2004,117
7213,106,20,10,2004,96
7207,106,20,10,2004,113
7201,106,20,10,2004,115
7200,106,20,10,2004,112
7202,106,20,10,2004,124
7199,106,20,10,2004,114
7198,106,20,10,2004,114
7196,106,20,10,2004,84
7204,106,20,10,2004,120
7194,106,20,10,2004,113
8016,106,20,10,2004,113
8015,106,20,10,2004,110
7193,106,20,10,2004,117
7185,106,21,10,2003,147
7184,106,21,10,2003,143
7181,106,21,10,2003,148
7180,106,20,10,2003,142
7180,106,21,10,2003,142
7178,106,20,10,2003,142
7178,106,21,10,2003,142
7175,106,20,10,2003,139
7175,106,21,10,2003,139
7174,106,20,10,2003,139
7174,106,21,10,2003,139
7173,106,20,10,2003,135
7173,106,21,10,2003,137
7172,106,20,10,2003,135
7172,106,21,10,2003,134
7169,106,20,10,2003,135
7169,106,21,10,2003,135
7168,106,20,10,2003,135
7168,106,21,10,2003,137
7167,106,20,10,2003,134
7167,106,21,10,2003,134
7166,106,20,10,2003,133
7166,106,21,10,2003,136
7165,106,20,10,2003,133
7165,106,21,10,2003,134
7164,106,20,10,2003,132
7164,106,21,10,2003,135
7163,106,20,10,2003,132
7163,106,21,10,2003,134
7160,106,20,10,2003,133
7160,106,21,10,2003,138
7159,106,20,10,2003,133
7159,106,21,10,2003,135
7158,106,20,10,2003,129
7158,106,21,10,2003,132
7156,106,20,10,2003,116
7156,106,21,10,2003,123
7155,106,20,10,2003,132
7155,106,21,10,2003,136
7154,106,20,10,2003,132
7154,106,21,10,2003,139
7153,106,20,10,2003,131
7153,106,21,10,2003,134
7212,106,20,10,2003,127
7211,106,20,10,2003,121
7210,106,20,10,2003,126
7209,106,20,10,2003,119
7208,106,20,10,2003,128
7205,106,20,10,2003,128
7213,106,20,10,2003,121
7207,106,20,10,2003,121
7201,106,20,10,2003,87
7200,106,20,10,2003,117
7202,106,20,10,2003,120
7199,106,20,10,2003,88
7198,106,20,10,2003,122
7196,106,20,10,2003,124
7204,106,20,10,2003,136
8016,106,20,10,2003,120
8015,106,20,10,2003,119
7193,106,20,10,2003,123
7188,106,20,10,1969,122
7188,106,20,10,1970,126
7188,106,20,10,1971,127
7188,106,20,10,1972,121
7188,106,20,10,1973,117
7188,106,20,10,1974,123
7188,106,20,10,1975,121
7188,106,20,10,1976,130
7188,106,20,10,1977,120
7188,106,20,10,1978,127
7188,106,20,10,1979,125
7188,106,20,10,1980,133
7188,106,20,10,1981,131
7188,106,20,10,1982,128
7188,106,20,10,1983,115
7188,106,20,10,1984,114
7188,106,20,10,1985,130
7188,106,20,10,1986,117
7188,106,20,10,1987,122
7188,106,20,10,1988,122
7188,106,20,10,1990,100
7188,106,20,10,1991,122
7188,106,20,10,1992,120
7188,106,20,10,1999,105
7192,106,20,10,1962,101
7192,106,20,10,1963,122
7192,106,20,10,1967,114
7192,106,20,10,1968,110
7192,106,20,10,1969,118
7192,106,20,10,1970,118
7192,106,20,10,1971,140
7192,106,20,10,1972,120
7192,106,20,10,1973,121
7192,106,20,10,1974,130
7192,106,20,10,1975,110
7192,106,20,10,1976,120
7192,106,20,10,1977,120
7192,106,20,10,1978,123
7192,106,20,10,1979,130
7192,106,20,10,1980,139
7192,106,20,10,1981,129
7192,106,20,10,1982,123
7192,106,20,10,1983,115
7192,106,20,10,1984,121
7192,106,20,10,1985,117
7192,106,20,10,1986,109
7192,106,20,10,1987,125
7192,106,20,10,1988,124
7192,106,20,10,1989,117
7192,106,20,10,1991,113
7191,106,20,10,1967,126
7191,106,20,10,1968,124
7191,106,20,10,1969,129
7191,106,20,10,1970,129
7191,106,20,10,1971,132
7191,106,20,10,1972,126
7191,106,20,10,1973,128
7191,106,20,10,1974,122
7191,106,20,10,1975,122
7191,106,20,10,1976,129
7191,106,20,10,1977,125
7191,106,20,10,1978,128
7191,106,20,10,1979,131
7191,106,20,10,1980,138
7191,106,20,10,1981,131
7191,106,20,10,1982,125
7191,106,20,10,1983,114
7191,106,20,10,1984,120
7191,106,20,10,1985,129
7191,106,20,10,1986,118
7191,106,20,10,1988,125
7191,106,20,10,1990,107
7191,106,20,10,1991,125
7191,106,20,10,1992,132
7193,106,20,10,1967,122
7193,106,20,10,1968,110
7193,106,20,10,1969,128
7193,106,20,10,1970,128
7193,106,20,10,1971,127
7193,106,20,10,1972,125
7193,106,20,10,1973,122
7193,106,20,10,1974,122
7193,106,20,10,1975,123
7193,106,20,10,1976,130
7193,106,20,10,1977,122
7193,106,20,10,1978,93
7193,106,20,10,1979,129
7193,106,20,10,1980,140
7193,106,20,10,1981,130
7193,106,20,10,1982,126
7193,106,20,10,1983,117
7193,106,20,10,1984,118
7193,106,20,10,1985,130
7193,106,20,10,1986,117
7193,106,20,10,1987,125
7193,106,20,10,1988,118
7193,106,20,10,1989,106
7193,106,20,10,1990,105
7193,106,20,10,1991,120
7193,106,20,10,1992,125
7193,106,20,10,1999,110
7193,106,20,10,2002,113
8015,106,20,10,1960,130
8015,106,20,10,1961,119
8015,106,20,10,1962,114
8015,106,20,10,1963,124
8015,106,20,10,1965,136
8015,106,20,10,1966,123
8015,106,20,10,1967,119
8015,106,20,10,1968,114
8015,106,20,10,1969,125
8015,106,20,10,1970,125
8015,106,20,10,1971,126
8015,106,20,10,1972,122
8015,106,20,10,1973,120
8015,106,20,10,1974,121
8015,106,20,10,1975,123
8015,106,20,10,1976,129
8015,106,20,10,1977,122
8015,106,20,10,1978,126
8015,106,20,10,1979,130
8015,106,20,10,1980,132
8015,106,20,10,1981,129
8015,106,20,10,1982,125
8015,106,20,10,1983,115
8015,106,20,10,1984,113
8015,106,20,10,1985,128
8015,106,20,10,1986,121
8015,106,20,10,1987,122
8015,106,20,10,1988,123
8015,106,20,10,1989,103
8015,106,20,10,1990,99
8015,106,20,10,1991,118
8015,106,20,10,1992,124
8015,106,20,10,2002,108
8016,106,20,10,1961,114
8016,106,20,10,1962,113
8016,106,20,10,1963,123
8016,106,20,10,1964,126
8016,106,20,10,1965,132
8016,106,20,10,1966,120
8016,106,20,10,1967,121
8016,106,20,10,1968,114
8016,106,20,10,1969,126
8016,106,20,10,1970,127
8016,106,20,10,1971,128
8016,106,20,10,1972,123
8016,106,20,10,1973,119
8016,106,20,10,1974,121
8016,106,20,10,1975,121
8016,106,20,10,1976,129
8016,106,20,10,1977,121
8016,106,20,10,1978,113
8016,106,20,10,1979,128
8016,106,20,10,1980,129
8016,106,20,10,1981,130
8016,106,20,10,1982,124
8016,106,20,10,1983,113
8016,106,20,10,1984,113
8016,106,20,10,1985,127
8016,106,20,10,1986,117
8016,106,20,10,1987,122
8016,106,20,10,1988,122
8016,106,20,10,1989,103
8016,106,20,10,1990,93
8016,106,20,10,1991,106
8016,106,20,10,1992,122
8016,106,20,10,1999,108
8016,106,20,10,2002,109
7194,106,20,10,1969,123
7194,106,20,10,1971,117
7194,106,20,10,1972,122
7194,106,20,10,1973,120
7194,106,20,10,1974,119
7194,106,20,10,1975,119
7194,106,20,10,1976,129
7194,106,20,10,1977,122
7194,106,20,10,1978,136
7194,106,20,10,1979,122
7194,106,20,10,1980,130
7194,106,20,10,1981,131
7194,106,20,10,1982,123
7194,106,20,10,1983,114
7194,106,20,10,1984,117
7194,106,20,10,1985,132
7194,106,20,10,1986,119
7194,106,20,10,1987,123
7194,106,20,10,1988,126
7194,106,20,10,1989,105
7195,106,20,10,1960,121
7195,106,20,10,1961,112
7195,106,20,10,1962,112
7195,106,20,10,1963,123
7195,106,20,10,1964,130
7195,106,20,10,1965,138
7195,106,20,10,1966,119
7195,106,20,10,1967,121
7195,106,20,10,1968,113
7195,106,20,10,1969,127
7195,106,20,10,1970,126
7195,106,20,10,1971,124
7195,106,20,10,1972,121
7195,106,20,10,1973,123
7195,106,20,10,1974,123
7195,106,20,10,1975,121
7195,106,20,10,1976,130
7195,106,20,10,1977,121
7195,106,20,10,1978,124
7195,106,20,10,1979,128
7195,106,20,10,1980,131
7195,106,20,10,1981,130
7195,106,20,10,1982,127
7195,106,20,10,1983,121
7195,106,20,10,1984,119
7195,106,20,10,1985,128
7195,106,20,10,1986,148
7195,106,20,10,1987,123
7195,106,20,10,1988,124
7195,106,20,10,1989,111
7204,106,20,10,1963,122
7204,106,20,10,1964,122
7204,106,20,10,1965,128
7204,106,20,10,1966,122
7204,106,20,10,1968,114
7204,106,20,10,1969,126
7204,106,20,10,1970,128
7204,106,20,10,1971,123
7204,106,20,10,1972,122
7204,106,20,10,1973,121
7204,106,20,10,1974,121
7204,106,20,10,1975,122
7204,106,20,10,1976,130
7204,106,20,10,1977,121
7204,106,20,10,1980,138
7204,106,20,10,1981,127
7204,106,20,10,1982,126
7204,106,20,10,1983,115
7204,106,20,10,1984,123
7204,106,20,10,1985,128
7204,106,20,10,1986,118
7204,106,20,10,1987,124
7204,106,20,10,1988,127
7204,106,20,10,1989,108
7204,106,20,10,1990,113
7204,106,20,10,1991,120
7204,106,20,10,1992,136
7204,106,20,10,1999,114
7204,106,20,10,2002,110
7196,106,20,10,1970,114
7196,106,20,10,1972,94
7196,106,20,10,1973,120
7196,106,20,10,1974,118
7196,106,20,10,1975,161
7196,106,20,10,1977,121
7196,106,20,10,1978,130
7196,106,20,10,1979,109
7196,106,20,10,1980,128
7196,106,20,10,1981,100
7196,106,20,10,1982,122
7196,106,20,10,1983,115
7196,106,20,10,1984,114
7196,106,20,10,1985,95
7196,106,20,10,1986,119
7196,106,20,10,1987,126
7196,106,20,10,1988,125
7196,106,20,10,1990,107
7196,106,20,10,1991,119
7196,106,20,10,1992,131
7196,106,20,10,1999,110
7196,106,20,10,2002,107
7197,106,20,10,1990,89
7197,106,20,10,1991,121
7197,106,20,10,1999,113
7197,106,20,10,2002,102
7198,106,20,10,1978,126
7198,106,20,10,1979,130
7198,106,20,10,1980,104
7198,106,20,10,1981,131
7198,106,20,10,1982,126
7198,106,20,10,1983,115
7198,106,20,10,1984,116
7198,106,20,10,1985,127
7198,106,20,10,1986,118
7198,106,20,10,1987,121
7198,106,20,10,1988,122
7198,106,20,10,1989,110
7198,106,20,10,1990,107
7198,106,20,10,1991,124
7198,106,20,10,1992,127
7198,106,20,10,1999,109
7198,106,20,10,2002,114
7199,106,20,10,1981,128
7199,106,20,10,1982,124
7199,106,20,10,1983,115
7199,106,20,10,1984,120
7199,106,20,10,1985,128
7199,106,20,10,1986,118
7199,106,20,10,2002,114
7202,106,20,10,1962,111
7202,106,20,10,1963,123
7202,106,20,10,1964,126
7202,106,20,10,1965,128
7202,106,20,10,1966,122
7202,106,20,10,1967,122
7202,106,20,10,1968,114
7202,106,20,10,1969,128
7202,106,20,10,1970,127
7202,106,20,10,1971,129
7202,106,20,10,1972,123
7202,106,20,10,1973,121
7202,106,20,10,1974,118
7202,106,20,10,1975,125
7202,106,20,10,1976,132
7202,106,20,10,1977,123
7202,106,20,10,1978,124
7202,106,20,10,1979,135
7202,106,20,10,1980,138
7202,106,20,10,1981,130
7202,106,20,10,1982,128
7202,106,20,10,1983,119
7202,106,20,10,1984,122
7202,106,20,10,1985,128
7202,106,20,10,1986,119
7202,106,20,10,1987,125
7202,106,20,10,1988,124
7202,106,20,10,1989,106
7202,106,20,10,1990,108
7202,106,20,10,1991,119
7202,106,20,10,1992,127
7202,106,20,10,1999,116
7202,106,20,10,2002,116
7200,106,20,10,1986,108
7200,106,20,10,1987,122
7200,106,20,10,1988,123
7200,106,20,10,1989,109
7200,106,20,10,1990,100
7200,106,20,10,1991,123
7200,106,20,10,1992,122
7200,106,20,10,1999,111
7200,106,20,10,2002,101
7201,106,20,10,1960,126
7201,106,20,10,1961,108
7201,106,20,10,1962,123
7201,106,20,10,1963,105
7201,106,20,10,1964,125
7201,106,20,10,1965,125
7201,106,20,10,1966,124
7201,106,20,10,1967,121
7201,106,20,10,1968,117
7201,106,20,10,1969,125
7201,106,20,10,1970,126
7201,106,20,10,1971,129
7201,106,20,10,1972,126
7201,106,20,10,1973,123
7201,106,20,10,1974,128
7201,106,20,10,1975,123
7201,106,20,10,1976,130
7201,106,20,10,1977,122
7201,106,20,10,1978,127
7201,106,20,10,1979,100
7201,106,20,10,1980,129
7201,106,20,10,1981,130
7201,106,20,10,1982,126
7201,106,20,10,1983,115
7201,106,20,10,1984,120
7201,106,20,10,1985,130
7201,106,20,10,1986,117
7201,106,20,10,1987,123
7201,106,20,10,1988,124
7201,106,20,10,1989,104
7201,106,20,10,1990,107
7201,106,20,10,1991,121
7201,106,20,10,1992,126
7201,106,20,10,1999,108
7201,106,20,10,2002,113
7207,106,20,10,1970,126
7207,106,20,10,1971,126
7207,106,20,10,1972,125
7207,106,20,10,1973,119
7207,106,20,10,1975,130
7207,106,20,10,1976,130
7207,106,20,10,1977,121
7207,106,20,10,1978,125
7207,106,20,10,1979,132
7207,106,20,10,1980,125
7207,106,20,10,1981,129
7207,106,20,10,1982,119
7207,106,20,10,1985,130
7207,106,20,10,1986,119
7207,106,20,10,1988,125
7207,106,20,10,1992,122
7207,106,20,10,2002,111
7213,106,20,10,1969,115
7213,106,20,10,1970,127
7213,106,20,10,1971,121
7213,106,20,10,1972,119
7213,106,20,10,1973,115
7213,106,20,10,1974,123
7213,106,20,10,1975,121
7213,106,20,10,1977,123
7213,106,20,10,1978,127
7213,106,20,10,1979,129
7213,106,20,10,1980,131
7213,106,20,10,1981,131
7213,106,20,10,1982,127
7213,106,20,10,1983,120
7213,106,20,10,1984,122
7213,106,20,10,1985,130
7213,106,20,10,1986,115
7213,106,20,10,1987,123
7213,106,20,10,1988,125
7213,106,20,10,1989,107
7213,106,20,10,1990,105
7213,106,20,10,1991,122
7213,106,20,10,1992,105
7213,106,20,10,1999,110
7213,106,20,10,2002,121
7205,106,20,10,1967,120
7205,106,20,10,1968,121
7205,106,20,10,1969,101
7205,106,20,10,1970,128
7205,106,20,10,1971,131
7205,106,20,10,1972,122
7205,106,20,10,1973,124
7205,106,20,10,1974,130
7205,106,20,10,1975,129
7205,106,20,10,1976,132
7205,106,20,10,1977,123
7205,106,20,10,1978,128
7205,106,20,10,1979,133
7205,106,20,10,1980,132
7205,106,20,10,1981,131
7205,106,20,10,1982,127
7205,106,20,10,1983,117
7205,106,20,10,1984,122
7205,106,20,10,1985,130
7205,106,20,10,1986,124
7205,106,20,10,1987,124
7205,106,20,10,1988,124
7205,106,20,10,1989,113
7205,106,20,10,1990,108
7205,106,20,10,1991,124
7205,106,20,10,1992,127
7205,106,20,10,1999,110
7205,106,20,10,2002,114
7208,106,20,10,1964,124
7208,106,20,10,1965,120
7208,106,20,10,1966,122
7208,106,20,10,1967,117
7208,106,20,10,1968,116
7208,106,20,10,1969,125
7208,106,20,10,1970,126
7208,106,20,10,1971,120
7208,106,20,10,1972,123
7208,106,20,10,1973,128
7208,106,20,10,1974,106
7208,106,20,10,1975,115
7208,106,20,10,1976,98
7208,106,20,10,1977,122
7208,106,20,10,1978,130
7208,106,20,10,1979,129
7208,106,20,10,1980,112
7208,106,20,10,1981,129
7208,106,20,10,1982,122
7208,106,20,10,1983,114
7208,106,20,10,1984,119
7208,106,20,10,1985,128
7208,106,20,10,1986,117
7208,106,20,10,1987,124
7208,106,20,10,1988,122
7208,106,20,10,1989,103
7208,106,20,10,1990,91
7208,106,20,10,1991,109
7208,106,20,10,1992,122
7208,106,20,10,1999,116
7208,106,20,10,2002,116
7209,106,20,10,1984,119
7209,106,20,10,1985,131
7209,106,20,10,1991,122
7209,106,20,10,1999,106
7209,106,20,10,2002,112
7210,106,20,10,1999,108
7210,106,20,10,2002,113
7211,106,20,10,1961,115
7211,106,20,10,1962,130
7211,106,20,10,1963,127
7211,106,20,10,1964,129
7211,106,20,10,1965,129
7211,106,20,10,1966,125
7211,106,20,10,1967,127
7211,106,20,10,1968,118
7211,106,20,10,1969,134
7211,106,20,10,1970,133
7211,106,20,10,1971,133
7211,106,20,10,1972,123
7211,106,20,10,1973,121
7211,106,20,10,1974,121
7211,106,20,10,1975,121
7211,106,20,10,1976,130
7211,106,20,10,1977,122
7211,106,20,10,1978,124
7211,106,20,10,1979,130
7211,106,20,10,1980,119
7211,106,20,10,1981,130
7211,106,20,10,1982,125
7211,106,20,10,1983,116
7211,106,20,10,1984,118
7211,106,20,10,1985,128
7211,106,20,10,1986,118
7211,106,20,10,1987,121
7211,106,20,10,1988,123
7211,106,20,10,1989,108
7211,106,20,10,1990,92
7211,106,20,10,1991,119
7211,106,20,10,1992,126
7211,106,20,10,1999,106
7211,106,20,10,2002,113
7212,106,20,10,1961,110
7212,106,20,10,1962,113
7212,106,20,10,1963,122
7212,106,20,10,1964,123
7212,106,20,10,1965,126
7212,106,20,10,1966,121
7212,106,20,10,1967,117
7212,106,20,10,1968,113
7212,106,20,10,1969,123
7212,106,20,10,1970,124
7212,106,20,10,1971,121
7212,106,20,10,1972,122
7212,106,20,10,1973,120
7212,106,20,10,1974,121
7212,106,20,10,1975,120
7212,106,20,10,1976,129
7212,106,20,10,1977,121
7212,106,20,10,1978,123
7212,106,20,10,1979,130
7212,106,20,10,1980,123
7212,106,20,10,1981,131
7212,106,20,10,1982,125
7212,106,20,10,1986,128
7212,106,20,10,1987,121
7212,106,20,10,1988,124
7212,106,20,10,1989,108
7212,106,20,10,1990,85
7212,106,20,10,1991,132
7212,106,20,10,1992,135
7212,106,20,10,1999,126
7212,106,20,10,2002,116
7215,106,20,10,1962,118
7215,106,20,10,1963,121
7215,106,20,10,1969,129
7215,106,20,10,1970,127
7215,106,20,10,1971,129
7215,106,20,10,1972,125
7215,106,20,10,1973,127
7215,106,20,10,1974,122
7215,106,20,10,1975,122
7215,106,20,10,1976,133
7215,106,20,10,1977,122
7215,106,20,10,1978,127
7215,106,20,10,1979,132
7215,106,20,10,1980,129
7215,106,20,10,1981,131
7215,106,20,10,1982,129
7215,106,20,10,1983,116
7215,106,20,10,1984,118
7215,106,20,10,1985,126
7215,106,20,10,1986,119
7215,106,20,10,1987,123
7215,106,20,10,1988,125
7215,106,20,10,1989,108
7215,106,20,10,1990,107
7215,106,20,10,1991,121
7215,106,20,10,1992,123
7215,106,20,10,1999,106
7153,106,21,10,1999,123
7153,106,20,10,1999,121
7153,106,21,10,2002,118
7153,106,20,10,2002,116
7153,106,21,10,2005,133
7153,106,20,10,2005,130
7153,106,21,10,2006,127
7153,106,20,10,2006,125
7153,106,21,10,2008,123
7153,106,20,10,2008,123
7153,106,21,10,2009,129
7153,106,20,10,2009,126
7154,106,21,10,1999,139
7154,106,20,10,1999,127
7154,106,21,10,2002,123
7154,106,20,10,2002,116
7154,106,21,10,2005,138
7154,106,20,10,2005,132
7154,106,21,10,2006,129
7154,106,20,10,2006,125
7154,106,21,10,2007,130
7154,106,20,10,2007,117
7154,106,21,10,2008,126
7154,106,20,10,2008,124
7154,106,21,10,2009,133
7154,106,20,10,2009,127
7155,106,21,10,1999,137
7155,106,20,10,1999,124
7155,106,21,10,2002,126
7155,106,20,10,2002,117
7155,106,21,10,2005,136
7155,106,20,10,2005,132
7155,106,21,10,2006,128
7155,106,20,10,2006,125
7155,106,21,10,2007,136
7155,106,20,10,2007,126
7155,106,21,10,2008,125
7155,106,20,10,2008,121
7155,106,21,10,2009,136
7155,106,20,10,2009,126
7156,106,21,10,1999,119
7156,106,20,10,1999,116
7156,106,21,10,2002,118
7156,106,20,10,2002,113
7156,106,21,10,2005,134
7156,106,20,10,2005,126
7156,106,21,10,2006,126
7156,106,20,10,2006,121
7156,106,21,10,2007,129
7156,106,20,10,2007,118
7156,106,21,10,2008,126
7156,106,20,10,2008,121
7156,106,21,10,2009,132
7156,106,20,10,2009,123
7158,106,21,10,1999,137
7158,106,20,10,1999,130
7158,106,21,10,2002,122
7158,106,20,10,2002,119
7158,106,21,10,2005,129
7158,106,20,10,2005,122
7158,106,21,10,2006,126
7158,106,20,10,2006,123
7158,106,21,10,2007,125
7158,106,20,10,2007,123
7159,106,21,10,1999,140
7159,106,20,10,1999,130
7159,106,21,10,2002,126
7159,106,20,10,2002,119
7159,106,21,10,2005,139
7159,106,20,10,2005,133
7159,106,21,10,2006,130
7159,106,20,10,2006,125
7159,106,21,10,2007,134
7159,106,20,10,2007,118
7159,106,21,10,2008,125
7159,106,20,10,2008,122
7159,106,21,10,2009,125
7159,106,20,10,2009,122
7160,106,21,10,1999,132
7160,106,20,10,1999,119
7160,106,21,10,2002,125
7160,106,20,10,2002,119
7160,106,21,10,2005,138
7160,106,20,10,2005,132
7160,106,21,10,2006,127
7160,106,20,10,2006,124
7160,106,21,10,2007,137
7160,106,20,10,2007,129
7160,106,21,10,2008,127
7160,106,20,10,2008,123
7160,106,21,10,2009,135
7160,106,20,10,2009,127
7163,106,21,10,1999,140
7163,106,20,10,1999,127
7163,106,21,10,2002,123
7163,106,20,10,2002,120
7163,106,21,10,2005,143
7163,106,20,10,2005,136
7163,106,21,10,2006,128
7163,106,20,10,2006,125
7163,106,21,10,2007,123
7163,106,20,10,2007,117
7163,106,21,10,2008,132
7163,106,20,10,2008,123
7163,106,21,10,2009,131
7163,106,20,10,2009,126
7164,106,21,10,1999,140
7164,106,20,10,1999,138
7164,106,21,10,2002,126
7164,106,20,10,2002,122
7164,106,21,10,2005,139
7164,106,20,10,2005,132
7164,106,21,10,2006,126
7164,106,20,10,2006,126
7164,106,21,10,2007,132
7164,106,20,10,2007,127
7164,106,21,10,2008,126
7164,106,20,10,2008,126
7164,106,21,10,2009,131
7164,106,20,10,2009,131
7165,106,21,10,1999,140
7165,106,20,10,1999,139
7165,106,21,10,2002,122
7165,106,20,10,2002,122
7165,106,21,10,2005,142
7165,106,20,10,2005,140
7165,106,21,10,2006,127
7165,106,20,10,2006,126
7165,106,21,10,2007,134
7165,106,20,10,2007,128
7165,106,21,10,2008,130
7165,106,20,10,2008,124
7165,106,21,10,2009,137
7165,106,20,10,2009,133
7166,106,21,10,1999,123
7166,106,20,10,1999,123
7166,106,21,10,2002,121
7166,106,20,10,2002,119
7166,106,21,10,2005,140
7166,106,20,10,2005,133
7166,106,21,10,2006,128
7166,106,20,10,2006,123
7166,106,21,10,2007,131
7166,106,20,10,2007,117
7166,106,21,10,2008,127
7166,106,20,10,2008,125
7166,106,21,10,2009,139
7166,106,20,10,2009,135
7167,106,21,10,1999,142
7167,106,20,10,1999,141
7167,106,21,10,2002,124
7167,106,20,10,2002,122
7167,106,21,10,2005,142
7167,106,20,10,2005,141
7167,106,21,10,2006,128
7167,106,20,10,2006,126
7167,106,21,10,2007,137
7167,106,20,10,2007,132
7167,106,21,10,2008,141
7167,106,20,10,2008,133
7167,106,21,10,2009,139
7167,106,20,10,2009,134
7168,106,21,10,1999,145
7168,106,20,10,1999,144
7168,106,21,10,2002,125
7168,106,20,10,2002,123
7168,106,21,10,2005,142
7168,106,20,10,2005,140
7168,106,21,10,2006,128
7168,106,20,10,2006,125
7168,106,21,10,2007,135
7168,106,20,10,2007,135
7168,106,21,10,2008,134
7168,106,20,10,2008,130
7168,106,21,10,2009,136
7168,106,20,10,2009,134
7169,106,21,10,1999,137
7169,106,20,10,1999,133
7169,106,21,10,2002,126
7169,106,20,10,2002,126
7169,106,21,10,2005,136
7169,106,20,10,2005,136
7169,106,21,10,2006,124
7169,106,20,10,2006,124
7169,106,21,10,2007,129
7169,106,20,10,2007,132
7172,106,21,10,1999,142
7172,106,20,10,1999,140
7172,106,21,10,2002,126
7172,106,20,10,2002,123
7172,106,21,10,2005,141
7172,106,20,10,2005,136
7172,106,21,10,2006,127
7172,106,20,10,2006,125
7172,106,21,10,2007,139
7172,106,20,10,2007,132
7172,106,21,10,2008,138
7172,106,20,10,2008,126
7172,106,21,10,2009,138
7172,106,20,10,2009,135
7173,106,21,10,1999,141
7173,106,20,10,1999,140
7173,106,21,10,2002,125
7173,106,20,10,2002,124
7173,106,21,10,2005,143
7173,106,20,10,2005,139
7173,106,21,10,2006,128
7173,106,20,10,2006,126
7173,106,21,10,2007,135
7173,106,20,10,2007,135
7173,106,21,10,2008,147
7173,106,20,10,2008,140
7173,106,21,10,2009,137
7173,106,20,10,2009,137
7174,106,21,10,1999,142
7174,106,20,10,1999,142
7174,106,21,10,2002,131
7174,106,20,10,2002,131
7174,106,21,10,2005,145
7174,106,20,10,2005,144
7174,106,21,10,2006,128
7174,106,20,10,2006,128
7174,106,21,10,2007,143
7174,106,20,10,2007,141
7174,106,21,10,2008,150
7174,106,20,10,2008,149
7174,106,21,10,2009,139
7174,106,20,10,2009,139
7175,106,21,10,1999,145
7175,106,20,10,1999,146
7175,106,21,10,2002,132
7175,106,20,10,2002,132
7175,106,21,10,2005,144
7175,106,20,10,2005,144
7175,106,21,10,2006,132
7175,106,20,10,2006,133
7175,106,21,10,2007,145
7175,106,20,10,2007,145
7175,106,21,10,2008,153
7175,106,20,10,2008,152
7178,106,21,10,1999,161
7178,106,20,10,1999,161
7178,106,21,10,2002,150
7178,106,20,10,2002,150
7178,106,21,10,2005,157
7178,106,20,10,2005,157
7178,106,21,10,2006,142
7178,106,20,10,2006,159
7178,106,21,10,2007,155
7178,106,20,10,2007,155
7178,106,21,10,2008,168
7178,106,20,10,2008,168
7178,106,21,10,2009,153
7178,106,20,10,2009,153
7180,106,21,10,1999,144
7180,106,20,10,1999,144
7180,106,21,10,2002,126
7180,106,20,10,2002,126
7180,106,21,10,2005,146
7180,106,20,10,2005,146
7180,106,21,10,2006,131
7180,106,20,10,2006,131
7180,106,21,10,2007,148
7180,106,20,10,2007,148
7180,106,21,10,2008,150
7180,106,20,10,2008,150
7180,106,21,10,2009,139
7180,106,20,10,2009,140
7181,106,21,10,1999,158
7181,106,21,10,2002,141
7181,106,21,10,2005,160
7181,106,21,10,2006,128
7181,106,21,10,2007,151
7181,106,21,10,2008,156
7181,106,21,10,2009,145
7184,106,21,10,1999,160
7184,106,21,10,2002,149
7184,106,21,10,2005,159
7184,106,21,10,2006,137
7184,106,21,10,2007,147
7184,106,21,10,2008,162
7184,106,21,10,2009,150
7185,106,21,10,1999,160
7185,106,21,10,2002,148
7185,106,21,10,2005,157
7185,106,21,10,2006,152
7185,106,21,10,2007,155
7185,106,21,10,2008,139
7185,106,21,10,2009,156
