"chillutah","chillports","gdd","mat.lo","siteslist","year","lat","long","lat.long","cc","lo","mat60","mat30","mat45"
2868,131.982939951486,20.4097724045499,4.84338698851606,1,1951,50.5167,8.81667,"50.5167 8.81667","1950-1960",109,4.87262284190806,2.75145155140349,3.75804339426205
2208,116.844322572043,103.09855597926,7.09451597045747,1,1952,50.5167,8.81667,"50.5167 8.81667","1950-1960",106,7.32311459041399,3.90935475132879,5.59177765279181
2244,108.921099446211,55.7903069245163,6.48854824206642,1,1953,50.5167,8.81667,"50.5167 8.81667","1950-1960",92,7.74352441708267,5.51435471545424,6.9073911499556
2520,121.314549738885,41.9602939727019,6.69483856003611,1,1954,50.5167,8.81667,"50.5167 8.81667","1950-1960",119,6.10598347007801,4.08048377976182,3.12065210416103
1668,100.261684284006,76.2145418351884,7.39774177013145,1,1955,50.5167,8.81667,"50.5167 8.81667","1950-1960",120,4.26065564247184,-0.313387089769446,4.53833323189368
2088,102.660108554128,49.6635490916754,6.26322566645761,1,1956,50.5167,8.81667,"50.5167 8.81667","1950-1960",115,5.1590982453409,5.64564503510032,6.96956506160938
2808,133.017964876968,81.5857013530484,8.54193529294383,1,1957,50.5167,8.81667,"50.5167 8.81667","1950-1960",96,7.85024572617268,5.94338696392914,8.03847808119557
2184,107.470385906141,36.8004096270634,4.77725795773609,1,1958,50.5167,8.81667,"50.5167 8.81667","1950-1960",112,2.66237698967156,4.51338699589213,6.84311095815566
2496,116.518933360595,70.9306129312714,7.52774176722573,1,1959,50.5167,8.81667,"50.5167 8.81667","1950-1960",96,8.64360636417739,1.80612899188793,5.5854346577645
2592,121.594775450421,45.2503162227472,6.07435470293727,1,1960,50.5167,8.81667,"50.5167 8.81667","1950-1960",97,6.8583605024414,4.10725797271176,6.33684768444737
2124,113.506425807031,48.6966925435357,6.88016113653899,1,1961,50.5167,8.81667,"50.5167 8.81667",NA,94,NA,NA,NA
1860,103.452181066398,73.1700034568404,6.66096759305125,1,1962,50.5167,8.81667,"50.5167 8.81667",NA,113,NA,NA,NA
1824,89.9689087203636,53.4295088199748,6.40903211481148,1,1963,50.5167,8.81667,"50.5167 8.81667",NA,109,NA,NA,NA
2100,109.460944376628,58.0326566841245,6.24870953774981,1,1964,50.5167,8.81667,"50.5167 8.81667",NA,109,NA,NA,NA
2184,113.629139536232,52.4661209746474,7.32677402978222,1,1965,50.5167,8.81667,"50.5167 8.81667",NA,103,NA,NA,NA
2208,117.804877211163,44.0300210655823,5.68338696974059,1,1966,50.5167,8.81667,"50.5167 8.81667",NA,103,NA,NA,NA
2520,118.692686360018,29.5893376870603,5.68370955037854,1,1967,50.5167,8.81667,"50.5167 8.81667",NA,103,NA,NA,NA
1836,99.7576650213732,52.8188706978481,6.3772579219733,1,1968,50.5167,8.81667,"50.5167 8.81667",NA,106,NA,NA,NA
1596,95.8590457365687,44.8533170933684,4.75516118403644,1,1969,50.5167,8.81667,"50.5167 8.81667",NA,110,NA,NA,NA
1884,100.085252342037,51.1218415252796,5.48209665165914,1,1970,50.5167,8.81667,"50.5167 8.81667",NA,115,NA,NA,NA
3156,136.391414116709,50.6241186983691,6.62919340021307,2,1951,50,8.71667,"50 8.71667","1950-1960",109,6.58475395117993,4.43274183640437,5.39467379246312
2688,131.262168093153,94.1856361384632,7.11951596989867,2,1952,50,8.71667,"50 8.71667","1950-1960",103,8.83680308117058,5.56532245625051,7.08222206392222
2148,106.491068531901,90.7870029854325,7.67967724770067,2,1953,50,8.71667,"50 8.71667","1950-1960",93,8.83680308117058,6.87645145920255,7.88021721516776
2532,121.033231721928,56.0778277605369,7.38790306067395,2,1954,50,8.71667,"50 8.71667","1950-1960",113,7.48516376711978,5.40903213716322,4.79369554502647
1776,105.89389079874,77.3836222640213,7.80548369650158,2,1955,50,8.71667,"50 8.71667","1950-1960",118,5.9161474087474,1.77483867000668,5.9281109786075
2016,103.644008776676,84.8246052098522,7.76629014899053,2,1956,50,8.71667,"50 8.71667","1950-1960",115,6.53762280469241,7.02887081063443,8.12336938364593
2640,131.074776807021,113.678028168033,9.39064495139305,2,1957,50,8.71667,"50 8.71667","1950-1960",98,8.9713112748854,7.44725789805694,8.75630415210743
2256,110.650161664194,63.3316126422637,7.03193532669496,2,1958,50,8.71667,"50 8.71667","1950-1960",120,4.39836055742668,5.77919341921205,8.33033314713587
2376,116.96249297076,110.123960840527,9.07677399066667,2,1959,50,8.71667,"50 8.71667","1950-1960",103,9.28532766130921,3.85370959128223,7.604999830015
2688,124.906617549389,93.5800994904607,8.31516110446424,2,1960,50,8.71667,"50 8.71667","1950-1960",99,8.42622931985582,5.81387083779179,7.88869547584782
2088,111.607190205199,95.1331561887312,8.59129013055034,2,1961,50,8.71667,"50 8.71667",NA,95,NA,NA,NA
1980,107.839189270955,117.811441506482,8.75096754633611,2,1962,50,8.71667,"50 8.71667",NA,114,NA,NA,NA
1476,91.1344934203358,63.3992334149633,7.09209661567283,2,1963,50,8.71667,"50 8.71667",NA,106,NA,NA,NA
2148,113.147694072443,78.8931277824602,7.47983854249,2,1964,50,8.71667,"50 8.71667",NA,108,NA,NA,NA
2448,119.616376550726,92.498612110892,8.83596754443621,2,1965,50,8.71667,"50 8.71667",NA,105,NA,NA,NA
2424,116.278160004527,65.1192044999147,6.85612887901164,2,1966,50,8.71667,"50 8.71667",NA,102,NA,NA,NA
2352,113.177840981569,61.1859367689563,7.51306434819895,2,1967,50,8.71667,"50 8.71667",NA,103,NA,NA,NA
2016,103.406352176545,94.1991955587471,8.25580626708125,2,1968,50,8.71667,"50 8.71667",NA,107,NA,NA,NA
2064,104.543192195728,98.3990907198392,7.77887079387062,2,1969,50,8.71667,"50 8.71667",NA,116,NA,NA,NA
1956,105.552678390296,44.2307822506446,6.14032244339826,2,1970,50,8.71667,"50 8.71667",NA,107,NA,NA,NA
2856,130.808422276429,49.3775995496592,6.14903212062293,3,1951,48.7167,9.21667,"48.7167 9.21667","1950-1960",110,5.8340162630422,3.64112895087249,4.55326076779191
2424,119.194650305344,35.1578318692008,5.11741924045547,3,1952,48.7167,9.21667,"48.7167 9.21667","1950-1960",99,7.841639168988,5.15080633648341,6.32299985866994
2172,109.334873270629,74.4603573713305,6.96354823144934,3,1953,48.7167,9.21667,"48.7167 9.21667","1950-1960",94,7.83327851343717,5.54661277924935,6.99086940895928
2412,121.009643217215,38.200589076143,6.05758050976381,3,1954,48.7167,9.21667,"48.7167 9.21667","1950-1960",118,5.85368839375003,4.02016120046497,3.61836948434053
1896,105.557497643215,51.443897725657,6.45741921050414,3,1955,48.7167,9.21667,"48.7167 9.21667","1950-1960",118,4.67614743646356,0.680645146076718,4.65411100708362
2100,104.940605528701,66.378450257194,6.77983855813622,3,1956,48.7167,9.21667,"48.7167 9.21667","1950-1960",115,5.30639332401581,5.70854825950078,7.39978244329762
2472,125.024972884919,81.6168482825902,7.83693530870181,3,1957,48.7167,9.21667,"48.7167 9.21667","1950-1960",86,8.09499981906265,6.54387082147502,8.20163025146188
2088,108.694584302942,49.6225233699659,6.11177405693959,3,1958,48.7167,9.21667,"48.7167 9.21667","1950-1960",122,3.10745894693632,4.28451603326586,7.13111095171836
2472,119.327234449991,70.6530328497578,7.60629015256681,3,1959,48.7167,9.21667,"48.7167 9.21667","1950-1960",95,8.44458997518313,2.50516123432786,7.14967375323581
2760,124.212479521012,57.439963943519,6.73419339786614,3,1960,48.7167,9.21667,"48.7167 9.21667","1950-1960",98,7.11877033268636,4.47951602890727,6.26641290341301
1920,112.67488184488,52.8568879830916,6.85016113720954,3,1961,48.7167,9.21667,"48.7167 9.21667",NA,88,NA,NA,NA
1776,98.6410675332009,71.2114975507468,6.62935469053205,3,1962,48.7167,9.21667,"48.7167 9.21667",NA,112,NA,NA,NA
1596,90.979000202508,71.9438884078485,6.80612888012923,3,1963,48.7167,9.21667,"48.7167 9.21667",NA,110,NA,NA,NA
2148,110.956224584868,70.3098622592915,6.63596759361005,3,1964,48.7167,9.21667,"48.7167 9.21667",NA,108,NA,NA,NA
2244,114.542090062743,60.4250320830092,7.61193531373095,3,1965,48.7167,9.21667,"48.7167 9.21667",NA,111,NA,NA,NA
2076,112.848965707231,57.253126323103,6.1920966357894,3,1966,48.7167,9.21667,"48.7167 9.21667",NA,104,NA,NA,NA
2136,110.458076698952,46.7504510757358,6.42306437256235,3,1967,48.7167,9.21667,"48.7167 9.21667",NA,106,NA,NA,NA
1788,102.015476837468,82.5534318640578,7.46354822027347,3,1968,48.7167,9.21667,"48.7167 9.21667",NA,107,NA,NA,NA
1752,97.8691814542087,84.0874702271472,6.97951597302792,3,1969,48.7167,9.21667,"48.7167 9.21667",NA,118,NA,NA,NA
1836,100.995043177553,83.2895741597492,7.03225790733291,3,1970,48.7167,9.21667,"48.7167 9.21667",NA,124,NA,NA,NA
1752,102.038784536135,25.5431252687644,5.03758053256259,4,1951,48.8333,12.9667,"48.8333 12.9667","1950-1960",110,4.6877867804657,2.09290317902642,3.28391297007708
1752,95.8710388871024,117.348325653779,7.39451596375194,4,1952,48.8333,12.9667,"48.8333 12.9667","1950-1960",111,5.78524577232902,1.45193545141768,3.369888813566
1560,91.3544279290554,35.4289626700278,4.95548376020405,4,1953,48.8333,12.9667,"48.8333 12.9667","1950-1960",93,6.57557362351628,4.57838699443927,5.72989117627478
1956,107.422394195681,26.1379705823221,5.48596761931455,4,1954,48.8333,12.9667,"48.8333 12.9667","1950-1960",118,5.02491792047122,1.96887092373424,1.61402170305424
1464,90.7504277482925,81.5311085098057,6.86887081421071,4,1955,48.8333,12.9667,"48.8333 12.9667","1950-1960",122,2.7906556753289,-1.77532254096361,2.74722216081702
1620,92.0880154716068,44.0546069170051,5.53887084393852,4,1956,48.8333,12.9667,"48.8333 12.9667","1950-1960",116,3.89098351958712,4.36370957988284,5.88586943365795
2508,117.572776504202,62.1947651103428,7.50258047746555,4,1957,48.8333,12.9667,"48.8333 12.9667","1950-1960",98,6.74385230827954,4.90999989025295,6.86923897689532
1512,90.0214783397238,49.2024901964873,6.06370954188488,4,1958,48.8333,12.9667,"48.8333 12.9667","1950-1960",125,1.51540980219352,2.24080640152698,5.64566654047618
2196,105.258298130088,46.0825691207901,6.43499985616654,4,1959,48.8333,12.9667,"48.8333 12.9667","1950-1960",96,7.32270475435758,0.329999992623925,5.57728248403367
2292,103.6574191235,48.0648024008382,6.34548372913512,4,1960,48.8333,12.9667,"48.8333 12.9667","1950-1960",102,5.8670490491891,3.21129025080271,4.30749990371987
1896,97.3290884269485,72.2071957682191,7.1272579052095,4,1961,48.8333,12.9667,"48.8333 12.9667",NA,100,NA,NA,NA
1392,87.012019975462,80.5330992843514,6.34887082583361,4,1962,48.8333,12.9667,"48.8333 12.9667",NA,113,NA,NA,NA
1584,76.76396594755,64.616503316497,6.22064502224807,4,1963,48.8333,12.9667,"48.8333 12.9667",NA,111,NA,NA,NA
1788,90.8771696965745,56.1339855048213,6.58741920759841,4,1964,48.8333,12.9667,"48.8333 12.9667",NA,110,NA,NA,NA
1764,95.7540660459772,29.8532255956234,6.392419211957,4,1965,48.8333,12.9667,"48.8333 12.9667",NA,115,NA,NA,NA
1692,97.9768829045637,25.8212868984965,3.61645153206923,4,1966,48.8333,12.9667,"48.8333 12.9667",NA,100,NA,NA,NA
2124,103.311463934636,31.0583401759234,4.81822569875587,4,1967,48.8333,12.9667,"48.8333 12.9667",NA,104,NA,NA,NA
1536,92.0928052289305,37.6725363936012,4.44709667479319,4,1968,48.8333,12.9667,"48.8333 12.9667",NA,97,NA,NA,NA
1548,88.8647755233857,44.0977041240166,5.1791934326231,4,1969,48.8333,12.9667,"48.8333 12.9667",NA,116,NA,NA,NA
1584,82.7473289685813,42.4977996131592,4.8325805371447,4,1970,48.8333,12.9667,"48.8333 12.9667",NA,117,NA,NA,NA
2604,128.538652601698,21.8377494045801,4.99790311409461,5,1951,50.4167,10.3833,"50.4167 10.3833","1950-1960",110,4.7808195652715,2.44435478407409,3.58347818077258
2220,114.75884176378,139.370261675664,8.08032240003588,5,1952,50.4167,10.3833,"50.4167 10.3833","1950-1960",109,7.13844246339419,3.22854831493309,5.25011099376198
2136,109.159450648397,75.9973059901361,7.288709514504,5,1953,50.4167,10.3833,"50.4167 10.3833","1950-1960",99,7.34401622929107,4.78870957038335,6.49815202866802
2256,115.715626274977,33.8440259423618,6.13161276617358,5,1954,50.4167,10.3833,"50.4167 10.3833","1950-1960",120,5.39409824008824,3.03467735152451,2.51065211779559
1668,98.5612443733358,91.0126303777209,7.6037095074632,5,1955,50.4167,10.3833,"50.4167 10.3833","1950-1960",122,3.66467204923574,-1.11790320081937,3.65699991825968
1944,99.2224758006169,45.7338644288069,5.98870954356126,5,1956,50.4167,10.3833,"50.4167 10.3833","1950-1960",123,4.50508186651669,4.98338698538681,6.47597811612017
2688,127.447900654914,58.3165913810896,7.05774177773105,5,1957,50.4167,10.3833,"50.4167 10.3833","1950-1960",112,7.33860639334641,5.68838696962883,7.75315200061659
1944,104.080811540143,54.4727952506757,6.50935469321426,5,1958,50.4167,10.3833,"50.4167 10.3833","1950-1960",123,2.12401634596716,3.81854830174557,6.37966652407
2472,116.661371977948,102.617742809511,8.67499980609864,5,1959,50.4167,10.3833,"50.4167 10.3833","1950-1960",105,8.38122932086164,1.00403223562265,5.47576074717242
2460,114.0621482879,62.4538790187668,6.9967740371583,5,1960,50.4167,10.3833,"50.4167 10.3833","1950-1960",101,6.54057362429859,3.94516120214135,5.4181520528079
1992,108.528437286154,77.511444779715,7.53693531540733,5,1961,50.4167,10.3833,"50.4167 10.3833",NA,97,NA,NA,NA
1764,97.095763665928,95.2723534631942,7.2893546757799,5,1962,50.4167,10.3833,"50.4167 10.3833",NA,114,NA,NA,NA
1812,86.2204125009449,60.5023318266721,6.35612889018751,5,1963,50.4167,10.3833,"50.4167 10.3833",NA,111,NA,NA,NA
1980,106.507694538682,68.0626209904752,6.71983855947732,5,1964,50.4167,10.3833,"50.4167 10.3833",NA,110,NA,NA,NA
2088,109.273677533731,48.0861721718635,7.11064500235502,5,1965,50.4167,10.3833,"50.4167 10.3833",NA,124,NA,NA,NA
1992,111.866736635119,64.6665706211,6.87935468494411,5,1966,50.4167,10.3833,"50.4167 10.3833",NA,110,NA,NA,NA
2304,112.833243310558,48.7564287690635,6.66629017357744,5,1967,50.4167,10.3833,"50.4167 10.3833",NA,110,NA,NA,NA
1560,96.7350979587253,85.2548863149347,7.37612886738873,5,1968,50.4167,10.3833,"50.4167 10.3833",NA,110,NA,NA,NA
1584,90.7698008062768,77.7041001325814,7.09854822843185,5,1969,50.4167,10.3833,"50.4167 10.3833",NA,121,NA,NA,NA
1632,93.9988840041141,85.4156483030717,7.27935467600342,5,1970,50.4167,10.3833,"50.4167 10.3833",NA,127,NA,NA,NA
1980,109.954287898823,33.4442619077764,5.70322567897458,6,1951,48.5833,12.1833,"48.5833 12.1833","1950-1960",111,5.01852447799117,2.67338703701934,3.71021730837453
2028,108.307349957184,97.6492698675446,6.96677403782885,6,1952,48.5833,12.1833,"48.5833 12.1833","1950-1960",108,6.45770477369183,2.76096768022305,4.28088879320357
1704,98.830404190944,88.6113239590997,8.65999980643392,6,1953,48.5833,12.1833,"48.5833 12.1833","1950-1960",111,6.97721295880123,5.01193537184548,6.18119551401342
2052,108.20795709237,34.3820373406678,5.92790309330749,6,1954,48.5833,12.1833,"48.5833 12.1833","1950-1960",119,5.39024578115796,2.68129026264914,2.17391299488752
1632,96.3369748466915,74.878657251525,6.91129016810127,6,1955,48.5833,12.1833,"48.5833 12.1833","1950-1960",121,3.30737697525469,-1.29193545499396,3.44122214530491
1764,96.6066585025902,56.0911765039983,6.23903211861128,6,1956,48.5833,12.1833,"48.5833 12.1833","1950-1960",120,4.37327859077419,4.89870956792466,6.37565203140611
2556,124.430190295916,75.0447734988634,7.52999983169138,6,1957,48.5833,12.1833,"48.5833 12.1833","1950-1960",104,7.05581951442129,5.40741923397347,7.10086940650059
1776,97.4158139897394,34.4242383754338,5.5245160055497,6,1958,48.5833,12.1833,"48.5833 12.1833","1950-1960",120,2.10008192027263,3.10032251134755,6.20877763900078
2388,111.775404849876,47.071097993465,6.50258049981729,6,1959,48.5833,12.1833,"48.5833 12.1833","1950-1960",95,7.54278671665148,1.27903222947592,6.30847811986409
2328,106.739283904752,51.8467765864742,6.55177404710482,6,1960,48.5833,12.1833,"48.5833 12.1833","1950-1960",100,6.38008182460717,4.12322571429033,5.22380423106496
1980,101.325653023073,43.5159670446723,6.5070966287486,6,1961,48.5833,12.1833,"48.5833 12.1833",NA,92,NA,NA,NA
1620,94.9251279172643,84.1798598961813,6.71129017257162,6,1962,48.5833,12.1833,"48.5833 12.1833",NA,112,NA,NA,NA
1620,80.1879656949315,78.0203915308484,7.15064500146095,6,1963,48.5833,12.1833,"48.5833 12.1833",NA,112,NA,NA,NA
1728,97.897301881543,50.6914174299039,6.24532244105132,6,1964,48.5833,12.1833,"48.5833 12.1833",NA,108,NA,NA,NA
1872,102.326995803711,49.5752686937266,7.34548370678338,6,1965,48.5833,12.1833,"48.5833 12.1833",NA,122,NA,NA,NA
1860,106.111812224848,65.6815339791809,6.5829030786671,6,1966,48.5833,12.1833,"48.5833 12.1833",NA,106,NA,NA,NA
2124,108.202004121046,26.0965376412922,5.08048375741008,6,1967,48.5833,12.1833,"48.5833 12.1833",NA,102,NA,NA,NA
1428,93.8665071706045,68.1005998776092,7.18419338780786,6,1968,48.5833,12.1833,"48.5833 12.1833",NA,107,NA,NA,NA
1812,91.8521182045952,82.1805555969991,6.76564501006637,6,1969,48.5833,12.1833,"48.5833 12.1833",NA,117,NA,NA,NA
1572,88.1062894426245,68.499349260268,6.28887082717472,6,1970,48.5833,12.1833,"48.5833 12.1833",NA,118,NA,NA,NA
2184,118.407605378561,29.7066206279071,5.35209665456486,7,1951,49.1667,11.45,"49.1667 11.45","1950-1960",111,4.77295071298837,2.32935478664454,3.39739122841021
1992,106.207049423225,109.61880191581,7.14048371136549,7,1952,49.1667,11.45,"49.1667 11.45","1950-1960",108,6.57245886948754,2.84451606545237,4.54155545404388
1920,101.65825583166,72.6562793635283,7.27145145037362,7,1953,49.1667,11.45,"49.1667 11.45","1950-1960",100,7.12360639815203,4.96064505041126,6.2636955121694
2040,110.431975929934,32.1301318853363,5.74774180701183,7,1954,49.1667,11.45,"49.1667 11.45","1950-1960",121,5.25836053820418,2.28790317466783,2.44760864094386
1572,94.7254695826774,60.0958471814319,6.21741921586856,7,1955,49.1667,11.45,"49.1667 11.45","1950-1960",120,3.5023769708961,-1.26564513300095,3.14588881857279
1788,97.4676415313319,57.8074858694891,6.34306437435049,7,1956,49.1667,11.45,"49.1667 11.45","1950-1960",126,4.11663925224824,4.76483860317497,6.35913029264497
2508,122.073166523622,57.4630087826139,6.66048372209433,7,1957,49.1667,11.45,"49.1667 11.45","1950-1960",109,7.02655721999338,5.39548375036928,7.47836939806281
1908,101.889929293979,67.8677981192772,6.7970966222666,7,1958,49.1667,11.45,"49.1667 11.45","1950-1960",127,1.99311470954877,3.61419346760358,6.15999986231327
2388,113.0406387773,65.1603748378617,7.33064499743764,7,1959,49.1667,11.45,"49.1667 11.45","1950-1960",102,7.88139326646008,1.50435480508473,5.97260856215397
2316,113.265866203351,64.9988277261064,7.03274177828984,7,1960,49.1667,11.45,"49.1667 11.45","1950-1960",106,6.34540969423461,3.77774185104476,5.445325965244
1908,103.127579326488,89.4092192957266,7.79112885811276,7,1961,49.1667,11.45,"49.1667 11.45",NA,98,NA,NA,NA
1668,94.1269859121629,101.840091805038,7.36838693207791,7,1962,49.1667,11.45,"49.1667 11.45",NA,114,NA,NA,NA
1644,84.4495473412952,66.5968782239326,6.50983856417119,7,1963,49.1667,11.45,"49.1667 11.45",NA,111,NA,NA,NA
1812,101.720593703538,57.1482800969962,6.484677274411,7,1964,49.1667,11.45,"49.1667 11.45",NA,109,NA,NA,NA
1932,104.568058605241,37.9285861760225,6.75193533295345,7,1965,49.1667,11.45,"49.1667 11.45",NA,122,NA,NA,NA
1980,109.848385429229,65.4844713194121,6.97483855377763,7,1966,49.1667,11.45,"49.1667 11.45",NA,110,NA,NA,NA
2160,109.188999441942,51.8450461041714,6.32290308447855,7,1967,49.1667,11.45,"49.1667 11.45",NA,109,NA,NA,NA
1632,95.854403172223,88.3421392135728,7.50387080001735,7,1968,49.1667,11.45,"49.1667 11.45",NA,110,NA,NA,NA
1596,89.0182435514426,86.425705061379,6.88806436216879,7,1969,49.1667,11.45,"49.1667 11.45",NA,119,NA,NA,NA
1608,92.1965399966072,63.1172122616465,6.45387082348668,7,1970,49.1667,11.45,"49.1667 11.45",NA,125,NA,NA,NA
3276,137.210807240566,25.6890052139053,5.73903212978715,8,1951,49.7167,10.2167,"49.7167 10.2167","1950-1960",113,5.88819658970002,3.55661282372931,4.65945641759216
2772,129.832610506688,84.6690791220208,6.28241921441569,8,1952,49.7167,10.2167,"49.7167 10.2167","1950-1960",104,7.6649998286739,4.21387087355458,5.9248887564573
2604,118.068789778464,54.5138392933682,6.72387081745171,8,1953,49.7167,10.2167,"49.7167 10.2167","1950-1960",101,7.99336047707217,5.67838696985235,7.0609781030444
2496,122.455525111883,42.2176795119507,6.82790307319092,8,1954,49.7167,10.2167,"49.7167 10.2167","1950-1960",118,6.19065559933298,3.49241927677705,3.4488042707393
1944,110.692827761701,43.4695350553973,6.40306437300939,8,1955,49.7167,10.2167,"49.7167 10.2167","1950-1960",118,4.63434415870942,-0.44951611898479,4.37844434657858
2100,108.892386542427,32.2270588000729,5.69967729195712,8,1956,49.7167,10.2167,"49.7167 10.2167","1950-1960",115,5.24729496468103,5.54677406956832,7.15989114431178
3216,140.857534314945,92.036992783785,8.88661270459453,8,1957,49.7167,10.2167,"49.7167 10.2167","1950-1960",103,7.81983589078681,6.3614514707137,8.19771720807108
2316,114.539503280712,56.8554115311913,6.47999985516071,8,1958,49.7167,10.2167,"49.7167 10.2167","1950-1960",123,2.81483600265728,4.53516118895383,7.00355539901389
2448,118.895219637212,65.7476605614963,7.6103224105412,8,1959,49.7167,10.2167,"49.7167 10.2167","1950-1960",104,8.72458996892464,2.66564510170851,6.89445636763602
2556,127.970087162482,70.4363746854472,7.14596758221066,8,1960,49.7167,10.2167,"49.7167 10.2167","1950-1960",100,7.16524574148362,5.04032246798517,6.51619550652559
2376,123.016064773616,64.7417056816337,7.51516112234564,8,1961,49.7167,10.2167,"49.7167 10.2167",NA,96,NA,NA,NA
2316,116.163635200679,88.471547582289,7.87338692079028,8,1962,49.7167,10.2167,"49.7167 10.2167",NA,108,NA,NA,NA
1764,89.8531760339216,58.0051838685966,6.6666127542154,8,1963,49.7167,10.2167,"49.7167 10.2167",NA,116,NA,NA,NA
2424,121.595747833528,70.2267981480356,6.74709662338418,8,1964,49.7167,10.2167,"49.7167 10.2167",NA,116,NA,NA,NA
2556,119.385260481003,64.1977207192107,7.7354836980662,8,1965,49.7167,10.2167,"49.7167 10.2167",NA,114,NA,NA,NA
2424,119.039690042711,57.8096063886194,6.3516127612562,8,1966,49.7167,10.2167,"49.7167 10.2167",NA,107,NA,NA,NA
2940,127.873594016086,46.666373014925,6.94048371583584,8,1967,49.7167,10.2167,"49.7167 10.2167",NA,113,NA,NA,NA
1920,103.548207503811,84.8590500275676,7.46806434920478,8,1968,49.7167,10.2167,"49.7167 10.2167",NA,107,NA,NA,NA
1656,101.462118333529,102.08200278445,8.27758046014294,8,1969,49.7167,10.2167,"49.7167 10.2167",NA,120,NA,NA,NA
2388,112.723986232075,78.1519034905102,7.44258047880665,8,1970,49.7167,10.2167,"49.7167 10.2167",NA,117,NA,NA,NA
3012,134.18306480964,45.1102840965732,6.49499985482544,9,1951,49.3333,10.8,"49.3333 10.8","1950-1960",115,5.18786873650111,2.78822574412991,3.85054339219452
2244,118.685304560729,86.1665848881583,6.66903210900003,9,1952,49.3333,10.8,"49.3333 10.8","1950-1960",112,6.91483591101514,3.40274185942666,5.08933321957787
2232,108.074423892562,96.6533654328484,8.33887078135364,9,1953,49.3333,10.8,"49.3333 10.8","1950-1960",103,7.45418016125494,5.16016117498399,6.54543463630683
2328,118.344473196911,43.1969967725348,6.63548372265312,9,1954,49.3333,10.8,"49.3333 10.8","1950-1960",124,5.59524577657585,2.7849999377504,2.8903260223527
1752,103.166287878201,55.5367125651182,6.6593546898615,9,1955,49.3333,10.8,"49.3333 10.8","1950-1960",121,3.97663925537748,-0.665161275455067,3.63911102977064
2064,101.394596497398,61.4469634986207,6.7917740417404,9,1956,49.3333,10.8,"49.3333 10.8","1950-1960",128,4.51688514494139,5.18290310995954,6.72902158872508
2676,129.362476016494,82.8381836474558,8.0709675615353,9,1957,49.3333,10.8,"49.3333 10.8","1950-1960",118,7.399098195273,5.57241923028543,7.74499982688576
2148,106.856679356735,66.998405149944,7.15274177560763,9,1958,49.3333,10.8,"49.3333 10.8","1950-1960",130,2.47786879707433,3.96016120180608,6.5492220758357
2568,118.839344369535,104.847009529084,8.80951593212423,9,1959,49.3333,10.8,"49.3333 10.8","1950-1960",105,8.16918014527344,1.86193544225347,6.27749985968694
2532,120.470366248777,67.406454662933,7.23290306413847,9,1960,49.3333,10.8,"49.3333 10.8","1950-1960",110,6.72549165295223,4.03209668406916,5.46499987784773
2016,110.156949353377,87.6481101756123,8.07467723887173,9,1961,49.3333,10.8,"49.3333 10.8",NA,100,NA,NA,NA
1908,104.648564696456,33.29098574705,4.90693537419241,9,1962,49.3333,10.8,"49.3333 10.8",NA,118,NA,NA,NA
1584,88.7609728235624,100.757342271784,8.45467723037807,9,1963,49.3333,10.8,"49.3333 10.8",NA,122,NA,NA,NA
1968,110.299953049262,112.481146398758,8.50661271308819,9,1964,49.3333,10.8,"49.3333 10.8",NA,118,NA,NA,NA
2184,114.634478896585,53.7624480646481,7.57951595961687,9,1965,49.3333,10.8,"49.3333 10.8",NA,129,NA,NA,NA
2208,117.394516535461,68.9085227878684,6.93822565137018,9,1966,49.3333,10.8,"49.3333 10.8",NA,117,NA,NA,NA
2148,110.481712100066,61.3213711145283,7.10435467991497,9,1967,49.3333,10.8,"49.3333 10.8",NA,122,NA,NA,NA
1680,100.134232922061,73.8596748935736,7.2135482258614,9,1968,49.3333,10.8,"49.3333 10.8",NA,113,NA,NA,NA
1656,93.608572759883,96.6350664310327,7.90467724267153,9,1969,49.3333,10.8,"49.3333 10.8",NA,127,NA,NA,NA
1764,98.8297042235075,73.7146396519255,6.69661275354484,9,1970,49.3333,10.8,"49.3333 10.8",NA,133,NA,NA,NA
2568,127.884923906875,48.0764124566721,6.35193534189415,10,1951,49.4,11.4,"49.4 11.4","1950-1960",115,4.92942611932693,2.32774188345478,3.51260861713925
2052,111.289246685298,156.23176331237,8.66870948365859,10,1952,49.4,11.4,"49.4 11.4","1950-1960",109,6.61959001597506,2.65999994054437,4.55866656477253
2088,104.247011968396,91.0410768654291,8.44032239198925,10,1953,49.4,11.4,"49.4 11.4","1950-1960",96,7.58147524037688,5.02854827469996,6.72489115403479
2160,114.914136343342,44.1751368130903,6.35306437412697,10,1954,49.4,11.4,"49.4 11.4","1950-1960",126,5.3258195530898,2.12258059771792,2.63630428890009
1632,96.8458277119192,86.4117962016056,7.30999983660877,10,1955,49.4,11.4,"49.4 11.4","1950-1960",124,3.72836057240235,-0.854032238975408,3.08577770880527
1908,99.217350051485,82.784880527141,7.49112886481828,10,1956,49.4,11.4,"49.4 11.4","1950-1960",128,4.11139335072615,4.80499989259988,6.60847811315857
2556,124.872732540705,62.9935138142805,6.96387081208729,10,1957,49.4,11.4,"49.4 11.4","1950-1960",113,7.32040967244166,5.4559676199851,7.91086938839568
2064,105.551689173485,127.547171937402,8.75467722367255,10,1958,49.4,11.4,"49.4 11.4","1950-1960",125,2.20450814744671,3.77967733487246,6.3172220810213
2616,118.801893292326,100.385920351704,8.6548385162267,10,1959,49.4,11.4,"49.4 11.4","1950-1960",104,8.35581948536402,1.12903223282868,5.98945638786434
2484,118.932118925746,89.2389913508206,8.35758045835481,10,1960,49.4,11.4,"49.4 11.4","1950-1960",107,6.50393428085524,3.49822572826017,5.29999988153577
1980,107.024536118583,103.371146163087,8.32725787838741,10,1961,49.4,11.4,"49.4 11.4",NA,99,NA,NA,NA
1800,99.6755220586368,141.166063017162,9.21177398764919,10,1962,49.4,11.4,"49.4 11.4",NA,115,NA,NA,NA
1692,88.3800459699514,119.898423247491,9.3824191451253,10,1963,49.4,11.4,"49.4 11.4",NA,118,NA,NA,NA
1968,107.590783463316,102.413445497322,8.26096755728847,10,1964,49.4,11.4,"49.4 11.4",NA,111,NA,NA,NA
2088,110.125933426582,59.9589800288118,7.59112886258311,10,1965,49.4,11.4,"49.4 11.4",NA,123,NA,NA,NA
2040,113.48688604833,113.259829123005,8.97354818652234,10,1966,49.4,11.4,"49.4 11.4",NA,112,NA,NA,NA
2208,108.770662946986,69.1831091136506,7.17080629133289,10,1967,49.4,11.4,"49.4 11.4",NA,119,NA,NA,NA
1656,97.7584136713826,129.437999287024,8.48709658449215,10,1968,49.4,11.4,"49.4 11.4",NA,110,NA,NA,NA
1656,93.0021496560721,148.84023548012,9.2769352765153,10,1969,49.4,11.4,"49.4 11.4",NA,118,NA,NA,NA
1824,97.0140710560251,142.475667666719,9.55161268973062,10,1970,49.4,11.4,"49.4 11.4",NA,127,NA,NA,NA
2256,121.059820081894,46.7954478451638,6.25370953763805,11,1951,49.4667,9.58333,"49.4667 9.58333","1950-1960",116,5.61999987438321,3.33419347386206,4.36945642407417
1980,106.629006473599,126.656472179961,7.51516112234564,11,1952,49.4667,9.58333,"49.4667 9.58333","1950-1960",103,7.60631130539553,4.23225796991779,5.86377764671213
1836,100.71798779337,77.2185890327673,6.89258049110011,11,1953,49.4667,9.58333,"49.4667 9.58333","1950-1960",93,7.70204900817365,5.48709665154738,6.81336941292671
2064,110.974546431904,38.1929647848183,5.95645147976616,11,1954,49.4667,9.58333,"49.4667 9.58333","1950-1960",124,6.08836051965224,3.76274185138003,3.14858688614534
1560,95.4362962247925,102.926026690809,7.91419337149109,11,1955,49.4667,9.58333,"49.4667 9.58333","1950-1960",122,4.26524580630367,-0.342580637504016,4.46277767802692
1752,94.4773944010811,84.6355961008414,7.46564499442015,11,1956,49.4667,9.58333,"49.4667 9.58333","1950-1960",123,5.23221299780502,5.67596761506772,7.03173897326316
2532,121.612123391186,57.2768959508145,6.75548371997091,11,1957,49.4667,9.58333,"49.4667 9.58333","1950-1960",108,7.68696704129765,6.24532244105132,8.23945633757293
1944,100.711984139405,55.5966974479971,6.41838695331206,11,1958,49.4667,9.58333,"49.4667 9.58333","1950-1960",123,2.71918026709044,4.39677409527283,7.0007776212982
2352,112.978382291365,96.4290489661341,8.45725787548168,11,1959,49.4667,9.58333,"49.4667 9.58333","1950-1960",105,8.59475390625293,2.43354833270273,6.80815202173898
2304,114.40854946795,73.6504555913135,7.34161273912797,11,1960,49.4667,9.58333,"49.4667 9.58333","1950-1960",111,7.03754082630526,4.59258054250911,6.49358681137876
1836,103.10109373506,95.6532745849719,7.96983853153764,11,1961,49.4667,9.58333,"49.4667 9.58333",NA,100,NA,NA,NA
1560,93.2802650614485,123.999044338651,8.24999981559813,11,1962,49.4667,9.58333,"49.4667 9.58333",NA,118,NA,NA,NA
1644,86.2303236771663,97.8657743644865,8.57499980833381,11,1963,49.4667,9.58333,"49.4667 9.58333",NA,115,NA,NA,NA
1836,105.216293960076,80.8703926603912,7.46225789772166,11,1964,49.4667,9.58333,"49.4667 9.58333",NA,118,NA,NA,NA
1968,104.82853767826,41.5277555895125,6.89596758779859,11,1965,49.4667,9.58333,"49.4667 9.58333",NA,127,NA,NA,NA
2028,109.802894667776,66.2183818661827,7.01709661734921,11,1966,49.4667,9.58333,"49.4667 9.58333",NA,115,NA,NA,NA
2184,108.281841026382,49.9760085789769,5.97129018911191,11,1967,49.4667,9.58333,"49.4667 9.58333",NA,117,NA,NA,NA
1596,97.7616767607279,84.1349205011453,7.26854822463206,11,1968,49.4667,9.58333,"49.4667 9.58333",NA,109,NA,NA,NA
1512,87.9653829564723,76.0496594397965,6.44999985583127,11,1969,49.4667,9.58333,"49.4667 9.58333",NA,118,NA,NA,NA
1668,92.4936532037871,79.6626608373651,7.13596758243418,11,1970,49.4667,9.58333,"49.4667 9.58333",NA,125,NA,NA,NA
1884,106.94493277759,42.9279178423809,5.94451599616197,12,1951,48.8833,12.6,"48.8833 12.6","1950-1960",117,5.43508184572957,2.9003225158179,4.08510860434288
1848,98.1409331474209,96.2842964739589,6.16548373315844,12,1952,48.8833,12.6,"48.8833 12.6","1950-1960",107,6.73024575120663,2.65709671480281,4.4135554569049
1800,97.288997858137,45.6426873805701,5.07806440262545,12,1953,48.8833,12.6,"48.8833 12.6","1950-1960",100,7.58901622381489,5.45983858764051,6.72315202363888
1824,102.527920719503,28.2815610897422,5.32790310671853,12,1954,48.8833,12.6,"48.8833 12.6","1950-1960",114,6.12581953520841,2.9148386445257,2.47967385761845
1536,92.4806231430444,87.5884274433434,7.09209661567283,12,1955,48.8833,12.6,"48.8833 12.6","1950-1960",121,3.72311467088026,-0.385483862351506,3.80599991492927
1584,91.6304675716396,52.5046031567443,5.89774180365907,12,1956,48.8833,12.6,"48.8833 12.6","1950-1960",110,4.93836054535674,5.13677407873254,6.80586941309435
2520,115.732720364633,50.2345912317903,6.56967727251111,12,1957,48.8833,12.6,"48.8833 12.6","1950-1960",105,7.65213097650252,5.55919342412944,7.65880417663847
1752,96.4184276173943,48.752234192716,5.71822567863931,12,1958,48.8833,12.6,"48.8833 12.6","1950-1960",118,2.85524583781963,3.12709670429749,6.58733318609496
2280,110.694019570938,46.4558519460987,6.28532244015725,12,1959,48.8833,12.6,"48.8833 12.6","1950-1960",95,8.17557358775349,1.66999996267259,6.46913029018628
2304,107.953369682414,44.2701079595591,6.10629018609442,12,1960,48.8833,12.6,"48.8833 12.6","1950-1960",100,6.96188509029138,4.44032248139622,5.09391292962043
1812,101.860719216638,72.3766196902398,6.98048371494177,12,1961,48.8833,12.6,"48.8833 12.6",NA,95,NA,NA,NA
1404,88.0242228827002,112.838528539314,7.51709660617334,12,1962,48.8833,12.6,"48.8833 12.6",NA,114,NA,NA,NA
1656,83.0631294730214,55.2065172024058,5.8145159990677,12,1963,48.8833,12.6,"48.8833 12.6",NA,110,NA,NA,NA
1644,90.6350778253928,54.770210459799,6.33290308425503,12,1964,48.8833,12.6,"48.8833 12.6",NA,112,NA,NA,NA
1776,97.5798602394378,31.3879428141228,6.33693534222942,12,1965,48.8833,12.6,"48.8833 12.6",NA,105,NA,NA,NA
1800,101.156152666902,59.0743485892487,6.33467727776376,12,1966,48.8833,12.6,"48.8833 12.6",NA,110,NA,NA,NA
2004,101.922410146034,45.7227471490566,5.92758051266954,12,1967,48.8833,12.6,"48.8833 12.6",NA,108,NA,NA,NA
1524,93.3794838311221,68.270204980915,6.79967726737021,12,1968,48.8833,12.6,"48.8833 12.6",NA,113,NA,NA,NA
1428,81.9453249294729,61.7338545455145,5.74629019414105,12,1969,48.8833,12.6,"48.8833 12.6",NA,121,NA,NA,NA
1596,85.2935279107259,50.4278728674018,5.95225793147279,12,1970,48.8833,12.6,"48.8833 12.6",NA,115,NA,NA,NA
2880,132.719282373389,65.4355943346006,7.20112887130029,13,1951,48.4333,10.4167,"48.4333 10.4167","1950-1960",120,5.3017211929727,3.00274186836736,3.99521730200428
2328,117.340333290323,72.6936326420459,6.14048373371723,13,1952,48.4333,10.4167,"48.4333 10.4167","1950-1960",117,6.81106542153131,3.83435475300517,5.04011099845585
2256,112.101284741978,61.4365384078924,6.42064501777772,13,1953,48.4333,10.4167,"48.4333 10.4167","1950-1960",125,7.14106541415524,4.92419343832279,6.34391290168075
2436,119.843576230902,52.1010502960016,6.88677403961699,13,1954,48.4333,10.4167,"48.4333 10.4167","1950-1960",128,5.30729496333992,3.01725799707516,2.60663037651988
1692,101.514638970587,101.51801028534,8.08387078705334,13,1955,48.4333,10.4167,"48.4333 10.4167","1950-1960",117,3.73999991640449,-0.355967733978985,3.8214443590285
2016,102.628922856032,59.4961322511756,6.61499985214323,13,1956,48.4333,10.4167,"48.4333 10.4167","1950-1960",130,4.66024579747473,4.67032247625532,6.54532594065708
2640,127.649457026057,66.296273090412,7.24129016072519,13,1957,48.4333,10.4167,"48.4333 10.4167","1950-1960",117,7.19778672436283,5.68161277623186,7.2049998389557
2112,107.288821386676,60.0316485039977,6.79419339652504,13,1958,48.4333,10.4167,"48.4333 10.4167","1950-1960",124,2.40926224123076,3.29999992623925,6.08655541951044
2616,120.895616170531,112.371802658053,9.11967721551416,13,1959,48.4333,10.4167,"48.4333 10.4167","1950-1960",121,7.50196704543272,1.59032254509868,6.51641289782508
2688,126.032611155901,103.410248435528,8.92193528445017,13,1960,48.4333,10.4167,"48.4333 10.4167","1950-1960",120,6.28967199056241,3.95854829861632,5.38543466223485
2052,112.835260035004,110.639573835295,8.55774174420343,13,1961,48.4333,10.4167,"48.4333 10.4167",NA,118,NA,NA,NA
1836,102.984035495409,144.203749589423,9.39548366096231,13,1962,48.4333,10.4167,"48.4333 10.4167",NA,122,NA,NA,NA
1656,91.6616377963793,97.6878135125219,8.20403207469011,13,1963,48.4333,10.4167,"48.4333 10.4167",NA,120,NA,NA,NA
2052,110.351911512352,114.387761497012,8.60112884000785,13,1964,48.4333,10.4167,"48.4333 10.4167",NA,118,NA,NA,NA
2292,114.188981046887,57.3344117547656,7.56999983079731,13,1965,48.4333,10.4167,"48.4333 10.4167",NA,124,NA,NA,NA
2148,115.6501863507,113.436578409636,8.89129012384482,13,1966,48.4333,10.4167,"48.4333 10.4167",NA,119,NA,NA,NA
2280,111.902919071937,52.1204834380043,6.49951598375675,13,1967,48.4333,10.4167,"48.4333 10.4167",NA,123,NA,NA,NA
1704,101.693547898647,93.701121434879,7.75387079442941,13,1968,48.4333,10.4167,"48.4333 10.4167",NA,114,NA,NA,NA
1728,94.2610037153861,84.1425845620309,7.18354822653196,13,1969,48.4333,10.4167,"48.4333 10.4167",NA,124,NA,NA,NA
1860,99.4122482440183,77.9192474628437,7.27983854696034,13,1970,48.4333,10.4167,"48.4333 10.4167",NA,133,NA,NA,NA
2148,118.062224007618,62.863071568854,6.8682256529348,14,1951,49.95,11.1667,"49.95 11.1667","1950-1960",121,4.87721300573989,2.41419349442567,3.54771731200668
1992,102.435119665705,121.185768035893,7.11419338937248,14,1952,49.95,11.1667,"49.95 11.1667","1950-1960",111,6.60090149180261,2.75048380948964,4.66188878468755
1800,99.5009002533772,98.5857738229789,8.83725786698802,14,1953,49.95,11.1667,"49.95 11.1667","1950-1960",116,7.6371309768378,5.06741924157306,6.70869550222288
2028,107.770520089343,35.1632357801901,5.87854825570098,14,1954,49.95,11.1667,"49.95 11.1667","1950-1960",119,5.49213102478229,2.30419349688436,2.75347819932453
1560,94.1987964070562,64.8115595609625,6.32709663277191,14,1955,49.95,11.1667,"49.95 11.1667","1950-1960",121,3.90991794539341,-0.872096754700666,3.08733326432606
1680,93.4669506965497,47.4297937266411,5.75967729061602,14,1956,49.95,11.1667,"49.95 11.1667","1950-1960",124,4.03540974586713,4.62161279992471,6.21760855667779
2448,119.061199002444,53.2660620504113,6.53564501520727,14,1957,49.95,11.1667,"49.95 11.1667","1950-1960",114,7.00967197446916,5.40145149217137,7.57054330904604
1884,100.715005008718,53.6818711852844,6.08983857355892,14,1958,49.95,11.1667,"49.95 11.1667","1950-1960",124,2.06885241277394,3.50467734101919,5.98277764405227
2376,114.063323496546,65.2419153512055,7.34806435188699,14,1959,49.95,11.1667,"49.95 11.1667","1950-1960",105,8.08647522908926,1.53387093345725,5.65847813439272
2316,110.138716124389,78.0064105150504,7.92870950019888,14,1960,49.95,11.1667,"49.95 11.1667","1950-1960",113,6.05704904494227,3.3991934724092,5.30456509882503
1860,102.740000060018,80.8765157159712,7.3519353195424,14,1961,49.95,11.1667,"49.95 11.1667",NA,97,NA,NA,NA
1488,90.0016396681641,102.190866639646,7.28596757908141,14,1962,49.95,11.1667,"49.95 11.1667",NA,118,NA,NA,NA
1656,83.4297619281124,68.7054798702481,6.71709662405474,14,1963,49.95,11.1667,"49.95 11.1667",NA,122,NA,NA,NA
1776,100.982839774574,81.9764753630495,7.35951596453425,14,1964,49.95,11.1667,"49.95 11.1667",NA,127,NA,NA,NA
1932,99.7802139317699,33.9906898716729,6.43451598520962,14,1965,49.95,11.1667,"49.95 11.1667",NA,126,NA,NA,NA
1944,106.376130538771,57.0046784204748,6.52677404766362,14,1966,49.95,11.1667,"49.95 11.1667",NA,116,NA,NA,NA
2124,108.301095040853,40.2735385771841,5.34241923542633,14,1967,49.95,11.1667,"49.95 11.1667",NA,118,NA,NA,NA
1572,95.0394864043775,86.5544362462671,7.16822564622928,14,1968,49.95,11.1667,"49.95 11.1667",NA,115,NA,NA,NA
1488,84.7926496489832,75.8567090222738,6.67129017346569,14,1969,49.95,11.1667,"49.95 11.1667",NA,124,NA,NA,NA
1548,88.0340699813079,62.0934181944925,6.27145147272536,14,1970,49.95,11.1667,"49.95 11.1667",NA,126,NA,NA,NA
1956,108.107547247131,70.9874210477033,7.49241918737009,15,1951,50.3,10.4667,"50.3 10.4667","1950-1960",124,4.7808195652715,2.44435478407409,3.58347818077258
1896,105.810789508818,96.4755462419172,7.1048385508719,15,1952,50.3,10.4667,"50.3 10.4667","1950-1960",127,7.13844246339419,3.22854831493309,5.25011099376198
1500,93.8363971111338,79.4772910522774,7.60580628160988,15,1953,50.3,10.4667,"50.3 10.4667","1950-1960",130,7.34401622929107,4.78870957038335,6.49815202866802
1980,105.620843356824,43.1849284843348,6.6125804973586,15,1954,50.3,10.4667,"50.3 10.4667","1950-1960",134,5.39409824008824,3.03467735152451,2.51065211779559
1536,97.5324233162887,88.6304349137652,7.6109675718171,15,1955,50.3,10.4667,"50.3 10.4667","1950-1960",138,3.66467204923574,-1.11790320081937,3.65699991825968
1668,92.9009644203473,59.5124807518361,6.66145146400818,15,1956,50.3,10.4667,"50.3 10.4667","1950-1960",136,4.50508186651669,4.98338698538681,6.47597811612017
2496,123.367029974625,82.2325607967699,7.94419337082053,15,1957,50.3,10.4667,"50.3 10.4667","1950-1960",123,7.33860639334641,5.68838696962883,7.75315200061659
1596,96.2452767396114,43.5006037117469,6.12564502437148,15,1958,50.3,10.4667,"50.3 10.4667","1950-1960",134,2.12401634596716,3.81854830174557,6.37966652407
2232,104.139601716059,58.5954198083741,7.23774177370773,15,1959,50.3,10.4667,"50.3 10.4667","1950-1960",104,8.38122932086164,1.00403223562265,5.47576074717242
2268,107.32694195926,60.4122433555879,6.93338694180092,15,1960,50.3,10.4667,"50.3 10.4667","1950-1960",120,6.54057362429859,3.94516120214135,5.4181520528079
1872,99.2763608361242,66.5522419710383,7.43935467242714,15,1961,50.3,10.4667,"50.3 10.4667",NA,106,NA,NA,NA
1596,94.4183454947927,118.551710550913,8.33338691050848,15,1962,50.3,10.4667,"50.3 10.4667",NA,130,NA,NA,NA
1500,75.3511254728973,81.8481972253166,7.09596758332825,15,1963,50.3,10.4667,"50.3 10.4667",NA,124,NA,NA,NA
1704,95.8770893335398,95.8166270610029,8.36096755505329,15,1964,50.3,10.4667,"50.3 10.4667",NA,110,NA,NA,NA
1836,100.885559738011,51.0250098034189,7.08548371259484,15,1965,50.3,10.4667,"50.3 10.4667",NA,133,NA,NA,NA
1752,102.58541177974,98.4036201141923,8.125644979668,15,1966,50.3,10.4667,"50.3 10.4667",NA,123,NA,NA,NA
2124,105.366579479095,66.991661400766,7.06499984208494,15,1967,50.3,10.4667,"50.3 10.4667",NA,132,NA,NA,NA
1584,96.0685634150863,133.517445661433,9.24322559984942,15,1968,50.3,10.4667,"50.3 10.4667",NA,130,NA,NA,NA
1740,93.1580175229403,120.391795506738,8.44483852092056,15,1969,50.3,10.4667,"50.3 10.4667",NA,129,NA,NA,NA
1608,91.5789312865614,66.1061895808431,6.26741921475097,15,1970,50.3,10.4667,"50.3 10.4667",NA,135,NA,NA,NA
2184,118.407605378561,63.8604455295831,6.98548371483001,16,1951,52.4,9.45,"52.4 9.45","1950-1960",143,5.10885234482464,2.95854832096806,4.08336947394697
1992,106.207049423225,118.163899035196,7.35774177102552,16,1952,52.4,9.45,"52.4 9.45","1950-1960",106,6.94073754978046,3.18048379987839,5.2529998825863
1920,101.65825583166,106.197231345188,9.11935463487621,16,1953,52.4,9.45,"52.4 9.45","1950-1960",98,7.21934410093016,4.4588708680784,6.41043463932431
2040,110.431975929934,90.0601540414716,7.79709659991485,16,1954,52.4,9.45,"52.4 9.45","1950-1960",125,5.29721299635216,3.51161282473514,2.52717385655674
1572,94.7254695826774,114.801533477332,8.14532239858301,16,1955,52.4,9.45,"52.4 9.45","1950-1960",122,3.76180319460567,0.396451604041842,3.74144436081664
1788,97.4676415313319,88.5662597494992,7.74919337517912,16,1956,52.4,9.45,"52.4 9.45","1950-1960",124,4.24631138049738,4.55580634978269,6.78510854399318
2508,122.073166523622,72.5958897011616,7.26435467633869,16,1957,52.4,9.45,"52.4 9.45","1950-1960",106,7.46090147258012,6.21548373204085,7.70249982783571
1908,101.889929293979,51.1685911553526,6.31951598778007,16,1958,52.4,9.45,"52.4 9.45","1950-1960",123,3.06073763650521,5.29129020431109,5.97888875525031
2388,113.0406387773,104.40754891041,8.86677399536054,16,1959,52.4,9.45,"52.4 9.45","1950-1960",106,8.29540965064871,2.51451607282844,5.36673901047882
2316,113.265866203351,100.579278833835,8.96999979950488,16,1960,52.4,9.45,"52.4 9.45","1950-1960",108,6.30278674436764,5.36419342848803,5.88347812936358
1908,103.127579326488,93.3016961295539,7.90064498469714,16,1961,52.4,9.45,"52.4 9.45",NA,97,NA,NA,NA
1668,94.1269859121629,129.545669524613,8.41725787637575,16,1962,52.4,9.45,"52.4 9.45",NA,115,NA,NA,NA
1644,84.4495473412952,123.008824279412,9.82032236114385,16,1963,52.4,9.45,"52.4 9.45",NA,118,NA,NA,NA
1812,101.720593703538,87.7621194452566,7.72435466605689,16,1964,52.4,9.45,"52.4 9.45",NA,110,NA,NA,NA
1932,104.568058605241,47.6839826808036,7.02741919776365,16,1965,52.4,9.45,"52.4 9.45",NA,111,NA,NA,NA
1980,109.848385429229,159.655053252354,10.6566126650319,16,1966,52.4,9.45,"52.4 9.45",NA,114,NA,NA,NA
2160,109.188999441942,64.6901928364499,6.68032243132832,16,1967,52.4,9.45,"52.4 9.45",NA,121,NA,NA,NA
1632,95.854403172223,148.044027155227,9.00096754074818,16,1968,52.4,9.45,"52.4 9.45",NA,109,NA,NA,NA
1596,89.0182435514426,139.890229916391,8.84677399580757,16,1969,52.4,9.45,"52.4 9.45",NA,121,NA,NA,NA
1608,92.1965399966072,93.4710586735562,7.62564499084387,16,1970,52.4,9.45,"52.4 9.45",NA,127,NA,NA,NA
2736,123.489711815438,56.3972948676676,6.90806436172176,17,1951,49.45,10.3167,"49.45 10.3167","1950-1960",144,4.90557366084369,2.54499994311482,3.60423904987376
2364,121.591079530055,146.567364501683,8.33516110401721,17,1952,49.45,10.3167,"49.45 10.3167","1950-1960",108,6.75049165239344,3.23725799215777,4.97999988868833
2628,122.609628081461,69.3066512497162,7.75758047176585,17,1953,49.45,10.3167,"49.45 10.3167","1950-1960",93,7.29909819750818,4.95790311498868,6.38793463982723
2244,115.262383725934,41.4241260174158,6.24999986030161,17,1954,49.45,10.3167,"49.45 10.3167","1950-1960",117,5.36147528999775,2.67241929510548,2.27739125344416
1860,101.185378690094,90.712158160317,7.94258046763078,17,1955,49.45,10.3167,"49.45 10.3167","1950-1960",120,3.46639336514302,-1.410322549122,3.47533325565358
2196,103.945803309318,64.0342637264056,6.86596758846915,17,1956,49.45,10.3167,"49.45 10.3167","1950-1960",112,4.30319662512753,4.9656450502995,6.46423898594778
3216,139.43284641259,58.36055285434,6.83419339563097,17,1957,49.45,10.3167,"49.45 10.3167","1950-1960",105,7.12688508660334,5.69306438887912,7.61891287318228
1932,104.297102367106,86.1599198899356,8.03854820742122,17,1958,49.45,10.3167,"49.45 10.3167","1950-1960",127,1.86426225341246,3.83322572077234,6.35455541352017
2472,120.275208705617,85.6739615512446,8.20548368756089,17,1959,49.45,10.3167,"49.45 10.3167","1950-1960",102,8.0073768702015,1.5117741597576,6.27206507719972
2520,120.737952440668,51.554107397754,7.31290306235033,17,1960,49.45,10.3167,"49.45 10.3167","1950-1960",109,6.49688510068494,3.93677410555463,5.6598911778394
2388,117.771256947583,65.8880659128013,6.75387081678116,17,1961,49.45,10.3167,"49.45 10.3167",NA,100,NA,NA,NA
2304,110.34396645496,109.573954386991,8.93080625199382,17,1962,49.45,10.3167,"49.45 10.3167",NA,115,NA,NA,NA
1860,93.5075115072405,93.9160770510017,8.69338690246185,17,1963,49.45,10.3167,"49.45 10.3167",NA,118,NA,NA,NA
2172,112.031836991396,119.558920535756,8.05612885218955,17,1964,49.45,10.3167,"49.45 10.3167",NA,114,NA,NA,NA
2016,103.664905600211,63.3331236003626,7.73935466572162,17,1965,49.45,10.3167,"49.45 10.3167",NA,131,NA,NA,NA
2304,113.229366258808,84.0600797994764,6.28806437557984,17,1966,49.45,10.3167,"49.45 10.3167",NA,106,NA,NA,NA
2820,124.022057679298,68.5430846411052,7.57741918547019,17,1967,49.45,10.3167,"49.45 10.3167",NA,108,NA,NA,NA
1872,105.466696872608,93.7335297457225,7.83983853444337,17,1968,49.45,10.3167,"49.45 10.3167",NA,109,NA,NA,NA
1344,82.3045025294577,65.5298230334351,7.33887080370539,17,1969,49.45,10.3167,"49.45 10.3167",NA,110,NA,NA,NA
1932,98.4104329082641,50.5996570570352,6.09532244440408,17,1970,49.45,10.3167,"49.45 10.3167",NA,125,NA,NA,NA
1980,104.679461103653,78.7156400034115,7.96822562834789,1,2001,50.5167,8.81667,"50.5167 8.81667","2000-2010",114,6.09959002759796,4.33758054820881,5.51455543229563
3228,129.069065869359,19.7766550586576,5.25387085030877,1,2002,50.5167,8.81667,"50.5167 8.81667","2000-2010",96,7.20950803557625,3.90935475132879,6.20249986136332
2448,116.699011949307,48.0914705179947,6.44370953339122,1,2003,50.5167,8.81667,"50.5167 8.81667","2000-2010",100,7.89237687277195,5.51435471545424,7.37239113956204
3060,135.010101238658,41.5731207361341,6.29129018195935,1,2004,50.5167,8.81667,"50.5167 8.81667","2000-2010",100,7.29680311559226,4.08048377976182,4.42711101215747
2232,108.916924120736,48.0350331172802,6.05338696147045,1,2005,50.5167,8.81667,"50.5167 8.81667","2000-2010",103,7.30999983660877,-0.313387089769446,7.2059780998034
2040,113.306068579155,41.1658162560848,5.48580632899557,1,2006,50.5167,8.81667,"50.5167 8.81667","2000-2010",106,4.71729497652745,5.64564503510032,3.75804339426205
2472,120.234379979775,59.1861362356868,7.47887080057614,1,2007,50.5167,8.81667,"50.5167 8.81667","2000-2010",100,8.75065554211252,5.94338696392914,5.59177765279181
2580,119.417020684249,72.7903188346846,7.19951596811053,1,2008,50.5167,8.81667,"50.5167 8.81667","2000-2010",108,5.60852446480364,4.51338699589213,6.9073911499556
2280,118.905656706477,52.4513047804032,6.62354823904893,1,2009,50.5167,8.81667,"50.5167 8.81667","2000-2010",99,8.06614736069116,1.80612899188793,3.12065210416103
2820,126.894499110145,45.1818006688972,6.92645145808497,1,2010,50.5167,8.81667,"50.5167 8.81667","2000-2010",103,6.46655723251036,4.10725797271176,4.53833323189368
2268,117.857020838419,44.8030386433466,6.13854824988953,1,2011,50.5167,8.81667,"50.5167 8.81667",NA,NA,NA,NA,NA
3084,135.49833625179,63.0135019938216,7.07499984186143,1,2012,50.5167,8.81667,"50.5167 8.81667",NA,NA,NA,NA,NA
2484,118.771636064906,53.8444231575244,6.05451599370328,1,2013,50.5167,8.81667,"50.5167 8.81667",NA,NA,NA,NA,NA
2040,116.429166526446,66.124353369,6.65161275455067,1,2014,50.5167,8.81667,"50.5167 8.81667",NA,NA,NA,NA,NA
1596,100.512272159469,102.997861791707,8.98209657342804,1,2015,50.5167,8.81667,"50.5167 8.81667",NA,NA,NA,NA,NA
1356,94.3226825203788,44.9419836678053,5.84983857892334,1,2016,50.5167,8.81667,"50.5167 8.81667",NA,NA,NA,NA,NA
3312,136.185853064406,46.9405288018719,6.73741920424565,1,2017,50.5167,8.81667,"50.5167 8.81667",NA,NA,NA,NA,NA
2856,130.206096781537,17.633598347789,4.15274184266286,1,2018,50.5167,8.81667,"50.5167 8.81667",NA,NA,NA,NA,NA
2436,118.298242469006,67.0414332884259,6.49999985471368,1,2019,50.5167,8.81667,"50.5167 8.81667",NA,NA,NA,NA,NA
1716,91.9251196903446,68.9394203250204,7.77112885855979,1,2020,50.5167,8.81667,"50.5167 8.81667",NA,NA,NA,NA,NA
1944,107.745620173191,106.011757794187,9.06564495865736,2,2001,50,8.71667,"50 8.71667","2000-2010",101,7.94040965858358,5.9529030927487,6.7816665150846
3084,128.281408865059,41.2020222797562,6.71064501129572,2,2002,50,8.71667,"50 8.71667","2000-2010",92,8.82499980274588,5.56532245625051,7.4031520084397
2448,120.205248898723,78.8947361592654,7.84677401815932,2,2003,50,8.71667,"50 8.71667","2000-2010",104,9.39516372442795,6.87645145920255,8.87119545388724
2832,131.784465235181,95.258887895662,8.53322561571915,2,2004,50,8.71667,"50 8.71667","2000-2010",94,8.57524570996766,5.40903213716322,6.16622208439642
2376,114.420192032844,71.257766251326,7.13935467913266,2,2005,50,8.71667,"50 8.71667","2000-2010",94,8.64172111831789,1.77483867000668,8.60097806862272
2196,115.249569479187,69.7235594915119,7.16435467857387,2,2006,50,8.71667,"50 8.71667","2000-2010",107,6.81999984756112,7.02887081063443,5.39467379246312
2448,121.257837307446,93.5727860303384,8.77193528780293,2,2007,50,8.71667,"50 8.71667","2000-2010",98,10.4001637019645,7.44725789805694,7.08222206392222
2460,117.148064600901,95.9589871303946,7.72322563382406,2,2008,50,8.71667,"50 8.71667","2000-2010",102,7.36442606490044,5.77919341921205,7.88021721516776
2244,124.458420797883,92.2759902873489,8.28048368588451,2,2009,50,8.71667,"50 8.71667","2000-2010",95,9.38344241321453,3.85370959128223,4.79369554502647
2784,128.042851248493,76.6841986073667,8.26451594430593,2,2010,50,8.71667,"50 8.71667","2000-2010",98,7.94483588799285,5.81387083779179,5.9281109786075
2340,116.116884733232,97.979762232431,8.57596755024767,2,2011,50,8.71667,"50 8.71667",NA,NA,NA,NA,NA
2784,130.551643454531,82.7945112295125,7.85225788900448,2,2012,50,8.71667,"50 8.71667",NA,NA,NA,NA,NA
2520,118.067321983493,84.9530660217185,7.53741918636426,2,2013,50,8.71667,"50 8.71667",NA,NA,NA,NA,NA
2016,115.848053776781,85.7391892290629,6.7891933966368,2,2014,50,8.71667,"50 8.71667",NA,NA,NA,NA,NA
1584,102.472306059966,115.684896044837,7.92403208094859,2,2015,50,8.71667,"50 8.71667",NA,NA,NA,NA,NA
1392,97.4952029053536,92.8397426941199,8.20225788118137,2,2016,50,8.71667,"50 8.71667",NA,NA,NA,NA,NA
3204,133.344857814642,71.7951300769018,7.85241917932346,2,2017,50,8.71667,"50 8.71667",NA,NA,NA,NA,NA
2928,135.308004967333,40.7337793645122,5.89483857791751,2,2018,50,8.71667,"50 8.71667",NA,NA,NA,NA,NA
2268,117.214244057037,59.1437673542687,6.81935468628522,2,2019,50,8.71667,"50 8.71667",NA,NA,NA,NA,NA
1668,95.7055303098603,98.2536683375748,7.97096756377047,2,2020,50,8.71667,"50 8.71667",NA,NA,NA,NA,NA
1992,102.841893942456,75.0070377147844,7.7414514398683,3,2001,48.7167,9.21667,"48.7167 9.21667","2000-2010",99,7.24696705113241,4.53241925353124,5.13266655194263
2880,124.349132272065,32.0168069763587,5.79645148334244,3,2002,48.7167,9.21667,"48.7167 9.21667","2000-2010",93,7.64663917334659,5.15080633648341,5.40141292274727
2376,119.66733430622,56.7640335726291,6.68419339898373,3,2003,48.7167,9.21667,"48.7167 9.21667","2000-2010",104,7.85680310307529,5.54661277924935,7.24967375100064
2868,130.925877065958,90.6851369428523,8.06806433579374,3,2004,48.7167,9.21667,"48.7167 9.21667","2000-2010",105,6.81860640496932,4.02016120046497,5.12299988549203
2400,113.033706064833,60.851422088868,5.96467728603391,3,2005,48.7167,9.21667,"48.7167 9.21667","2000-2010",106,6.64909821203681,0.680645146076718,6.8696737594943
2100,116.700268584295,61.0301833233881,6.18645147462526,3,2006,48.7167,9.21667,"48.7167 9.21667","2000-2010",114,5.36844250295678,5.70854825950078,4.55326076779191
2412,120.031665590186,55.9878029624809,7.2741933857962,3,2007,48.7167,9.21667,"48.7167 9.21667","2000-2010",102,8.84786865469374,6.54387082147502,6.32299985866994
2412,118.367443229821,73.8084796649815,6.68612888281143,3,2008,48.7167,9.21667,"48.7167 9.21667","2000-2010",107,6.26540969602275,4.28451603326586,6.99086940895928
2268,115.412879921836,76.6412811466033,7.80419337394978,3,2009,48.7167,9.21667,"48.7167 9.21667","2000-2010",104,7.75745884300072,2.50516123432786,3.61836948434053
2832,130.942208789731,41.0639973600851,6.63451598073927,3,2010,48.7167,9.21667,"48.7167 9.21667","2000-2010",109,6.77188509453821,4.47951602890727,4.65411100708362
2268,116.67543816216,83.6183617128846,8.34290303932803,3,2011,48.7167,9.21667,"48.7167 9.21667",NA,NA,NA,NA,NA
3072,136.175535472772,70.584575613141,7.25354822496733,3,2012,48.7167,9.21667,"48.7167 9.21667",NA,NA,NA,NA,NA
2436,118.68948316863,53.4223750763475,5.8632256753983,3,2013,48.7167,9.21667,"48.7167 9.21667",NA,NA,NA,NA,NA
1764,109.764654484582,67.6044429831467,6.92983855478345,3,2014,48.7167,9.21667,"48.7167 9.21667",NA,NA,NA,NA,NA
1488,100.585058365915,110.351753824169,9.1859675366131,3,2015,48.7167,9.21667,"48.7167 9.21667",NA,NA,NA,NA,NA
1356,91.007195463877,104.026427533117,8.50887077755385,3,2016,48.7167,9.21667,"48.7167 9.21667",NA,NA,NA,NA,NA
3264,133.180270007191,53.79405872787,6.78677404185216,3,2017,48.7167,9.21667,"48.7167 9.21667",NA,NA,NA,NA,NA
2748,126.380248330631,28.7392994285812,4.79209666708184,3,2018,48.7167,9.21667,"48.7167 9.21667",NA,NA,NA,NA,NA
2268,113.209568660922,110.735574119294,7.92935466147479,3,2019,48.7167,9.21667,"48.7167 9.21667",NA,NA,NA,NA,NA
1848,102.995818642895,95.2492058965827,8.6390320649671,3,2020,48.7167,9.21667,"48.7167 9.21667",NA,NA,NA,NA,NA
1680,92.6508922606846,55.6705780546594,6.97532242473455,4,2001,48.8333,12.9667,"48.8333 12.9667","2000-2010",113,5.9544260964164,3.13467734928934,3.50422214389675
2364,106.409643917111,10.6043967246802,4.34435474160578,4,2002,48.8333,12.9667,"48.8333 12.9667","2000-2010",97,6.36836051339375,1.45193545141768,3.47706513967284
1980,107.954490833569,53.1552752148689,5.79758051557527,4,2003,48.8333,12.9667,"48.8333 12.9667","2000-2010",111,6.02836052099334,4.57838699443927,6.96282593132523
2940,127.980202287867,49.2992145250443,5.88403212654615,4,2004,48.8333,12.9667,"48.8333 12.9667","2000-2010",101,5.46368840246721,1.96887092373424,4.31277768137968
1824,100.068338940224,65.6189882035212,5.95967728614567,4,2005,48.8333,12.9667,"48.8333 12.9667","2000-2010",106,4.73180317292448,-1.77532254096361,6.21032594814492
1632,87.3362671558999,63.6590711735924,5.31467730056254,4,2006,48.8333,12.9667,"48.8333 12.9667","2000-2010",114,4.01581958237058,4.36370957988284,3.28391297007708
2124,108.315398222502,14.7811427275712,3.98774184635089,4,2007,48.8333,12.9667,"48.8333 12.9667","2000-2010",100,8.27524571667318,4.90999989025295,3.369888813566
2244,112.832674784186,44.6871139706067,5.74419341999437,4,2008,48.8333,12.9667,"48.8333 12.9667","2000-2010",107,5.42459004268539,2.24080640152698,5.72989117627478
1596,99.2779055697712,43.3959999592298,6.39516114737959,4,2009,48.8333,12.9667,"48.8333 12.9667","2000-2010",101,7.46450802987655,0.329999992623925,1.61402170305424
2520,115.089508686207,44.1978163710578,6.17403212006414,4,2010,48.8333,12.9667,"48.8333 12.9667","2000-2010",107,5.59540971099842,3.21129025080271,2.74722216081702
1896,108.796341226421,30.3484482803874,5.45951600700256,4,2011,48.8333,12.9667,"48.8333 12.9667",NA,NA,NA,NA,NA
3000,131.186242168967,34.968557757202,5.6253224549094,4,2012,48.8333,12.9667,"48.8333 12.9667",NA,NA,NA,NA,NA
1932,98.28573882463,63.1295789925019,6.18532244239243,4,2013,48.8333,12.9667,"48.8333 12.9667",NA,NA,NA,NA,NA
1560,97.2343875110713,33.4497691933845,5.15838698147526,4,2014,48.8333,12.9667,"48.8333 12.9667",NA,NA,NA,NA,NA
1428,80.5054737493185,69.2193273087855,7.65225789347483,4,2015,48.8333,12.9667,"48.8333 12.9667",NA,NA,NA,NA,NA
1368,86.4984489411957,64.1061196500375,7.09741919619902,4,2016,48.8333,12.9667,"48.8333 12.9667",NA,NA,NA,NA,NA
3036,126.115479613841,42.9058407873345,6.35967727720497,4,2017,48.8333,12.9667,"48.8333 12.9667",NA,NA,NA,NA,NA
2448,124.627958736981,30.710501878511,4.5346773179969,4,2018,48.8333,12.9667,"48.8333 12.9667",NA,NA,NA,NA,NA
1824,101.436319398852,81.5163435029565,6.53338695074161,4,2019,48.8333,12.9667,"48.8333 12.9667",NA,NA,NA,NA,NA
1764,91.517946900239,57.5623234117034,7.42258047925368,4,2020,48.8333,12.9667,"48.8333 12.9667",NA,NA,NA,NA,NA
1884,101.182221757637,45.5879143722929,5.51241923162654,5,2001,50.4167,10.3833,"50.4167 10.3833","2000-2010",117,5.97483593202578,3.74741927107736,4.72355544997586
2904,125.408554278736,28.3594125493153,5.6622579379548,5,2002,50.4167,10.3833,"50.4167 10.3833","2000-2010",105,6.89040968205291,3.22854831493309,5.25228249129799
2208,112.075417240335,73.9607118950744,6.85225791135623,5,2003,50.4167,10.3833,"50.4167 10.3833","2000-2010",110,7.01639328579434,4.78870957038335,6.52771724539849
3132,134.426937758707,61.6172727700715,6.74290307509082,5,2004,50.4167,10.3833,"50.4167 10.3833","2000-2010",110,6.45991788839647,3.03467735152451,4.4832221220144
2004,102.939790388291,84.7071005060006,6.98564500514899,5,2005,50.4167,10.3833,"50.4167 10.3833","2000-2010",107,6.42868838089778,-1.11790320081937,6.52815202799747
1932,105.090570991715,72.799744326163,5.74241922648563,5,2006,50.4167,10.3833,"50.4167 10.3833","2000-2010",115,4.18295072617589,4.98338698538681,3.58347818077258
2316,114.745909296903,34.7468659474375,5.94677406062763,5,2007,50.4167,10.3833,"50.4167 10.3833","2000-2010",101,7.77237687545416,5.68838696962883,5.25011099376198
2448,119.025022278139,62.3408610926242,6.59822565896977,5,2008,50.4167,10.3833,"50.4167 10.3833","2000-2010",112,5.37999987974763,3.81854830174557,6.49815202866802
2088,112.803827455908,68.8050455140847,7.13177403414081,5,2009,50.4167,10.3833,"50.4167 10.3833","2000-2010",99,7.44565557128154,1.00403223562265,2.51065211779559
2904,127.542406617427,39.1181269742535,6.61790307788479,5,2010,50.4167,10.3833,"50.4167 10.3833","2000-2010",106,5.76557364162119,3.94516120214135,3.65699991825968
2064,114.547612050249,47.7963335670426,6.50887082225733,5,2011,50.4167,10.3833,"50.4167 10.3833",NA,NA,NA,NA,NA
2988,132.279874997878,47.9713329284809,6.35370953540288,5,2012,50.4167,10.3833,"50.4167 10.3833",NA,NA,NA,NA,NA
2448,115.472172108599,72.5457374191356,6.5670966274075,5,2013,50.4167,10.3833,"50.4167 10.3833",NA,NA,NA,NA,NA
1908,110.589695871785,52.1936939697237,6.4603224362457,5,2014,50.4167,10.3833,"50.4167 10.3833",NA,NA,NA,NA,NA
1656,101.690645217258,97.4670272503982,8.71580625679945,5,2015,50.4167,10.3833,"50.4167 10.3833",NA,NA,NA,NA,NA
1512,97.0186432110443,74.4979482730514,7.70919337607319,5,2016,50.4167,10.3833,"50.4167 10.3833",NA,NA,NA,NA,NA
3276,136.375131130095,32.5250312760603,6.06306438060898,5,2017,50.4167,10.3833,"50.4167 10.3833",NA,NA,NA,NA,NA
2880,130.172525383579,22.3145387254695,4.78225795762433,5,2018,50.4167,10.3833,"50.4167 10.3833",NA,NA,NA,NA,NA
2208,111.770595435384,57.7990022244103,5.98919341451819,5,2019,50.4167,10.3833,"50.4167 10.3833",NA,NA,NA,NA,NA
1776,92.2350591430564,59.4188227674051,7.50032241299989,5,2020,50.4167,10.3833,"50.4167 10.3833",NA,NA,NA,NA,NA
1740,94.4099171556233,79.8468006855566,7.64903208709532,6,2001,48.5833,12.1833,"48.5833 12.1833","2000-2010",100,6.57352444323421,3.80741926973626,4.3112221258589
2640,115.700558280753,23.4365743798945,5.44306439446706,6,2002,48.5833,12.1833,"48.5833 12.1833","2000-2010",98,6.6878687029735,2.76096768022305,4.06304338744477
2076,108.974740900793,51.7771618947724,6.59967727184055,6,2003,48.5833,12.1833,"48.5833 12.1833","2000-2010",109,6.80581952000922,5.01193537184548,7.03086940806521
2844,129.406033606253,70.4889450085285,7.3209675782991,6,2004,48.5833,12.1833,"48.5833 12.1833","2000-2010",102,6.23877035235589,2.68129026264914,5.07111099776295
2136,109.32162846485,53.1135431916066,5.80596761216199,6,2005,48.5833,12.1833,"48.5833 12.1833","2000-2010",104,5.3560654540531,-1.29193545499396,6.93663027973684
1800,99.471062916088,18.5641118723808,4.0212902326978,6,2006,48.5833,12.1833,"48.5833 12.1833","2000-2010",115,4.87327857959832,4.89870956792466,3.71021730837453
2196,110.674250230955,24.9716018287131,5.12177407906781,6,2007,48.5833,12.1833,"48.5833 12.1833","2000-2010",98,8.3110653880037,5.40741923397347,4.28088879320357
2268,116.212024709048,62.9252480510641,6.73451597850409,6,2008,48.5833,12.1833,"48.5833 12.1833","2000-2010",106,6.07557363469215,3.10032251134755,6.18119551401342
1752,106.874323665864,75.3951193623873,8.125644979668,6,2009,48.5833,12.1833,"48.5833 12.1833","2000-2010",108,7.96762277272942,1.27903222947592,2.17391299488752
2892,126.84189852057,33.8767777149857,6.02838696202924,6,2010,48.5833,12.1833,"48.5833 12.1833","2000-2010",105,6.0677867496203,4.12322571429033,3.44122214530491
1980,111.36106284635,63.0963327641679,7.52193531574261,6,2011,48.5833,12.1833,"48.5833 12.1833",NA,NA,NA,NA,NA
3072,135.590135535452,43.2136853937763,6.00999986566603,6,2012,48.5833,12.1833,"48.5833 12.1833",NA,NA,NA,NA,NA
2028,102.551662232963,68.336530253916,6.44725792040868,6,2013,48.5833,12.1833,"48.5833 12.1833",NA,NA,NA,NA,NA
1584,102.252962982157,53.5036025657089,6.18677405526321,6,2014,48.5833,12.1833,"48.5833 12.1833",NA,NA,NA,NA,NA
1452,89.1253605661649,74.7940997578873,7.9180643391465,6,2015,48.5833,12.1833,"48.5833 12.1833",NA,NA,NA,NA,NA
1440,91.0364719164084,109.407889085217,8.58274174364464,6,2016,48.5833,12.1833,"48.5833 12.1833",NA,NA,NA,NA,NA
3168,126.524810258149,33.2054820634074,6.03048373617592,6,2017,48.5833,12.1833,"48.5833 12.1833",NA,NA,NA,NA,NA
2568,128.16388844728,36.3642955751856,5.25709665668828,6,2018,48.5833,12.1833,"48.5833 12.1833",NA,NA,NA,NA,NA
1896,101.386297104411,144.896091242748,9.02080624998217,6,2019,48.5833,12.1833,"48.5833 12.1833",NA,NA,NA,NA,NA
1692,92.591885893487,69.4199517837913,7.65564499017332,6,2020,48.5833,12.1833,"48.5833 12.1833",NA,NA,NA,NA,NA
1728,95.6648219047442,63.8451303158563,7.30499983672053,7,2001,49.1667,11.45,"49.1667 11.45","2000-2010",102,6.26442608948736,3.69629023996212,4.53811100967642
2580,116.672172560123,18.7430690871541,4.9637095664718,7,2002,49.1667,11.45,"49.1667 11.45","2000-2010",98,6.68024575232421,2.84451606545237,4.43695642256542
2184,114.535058431956,36.1324153111883,5.77145148390123,7,2003,49.1667,11.45,"49.1667 11.45","2000-2010",108,7.12983590620952,4.96064505041126,6.96967375725913
2952,131.707256756931,43.4563567968001,5.71258051747516,7,2004,49.1667,11.45,"49.1667 11.45","2000-2010",108,6.42155723351619,2.28790317466783,4.7124443391131
2040,105.127098161406,48.9759067449463,5.52532245714458,7,2005,49.1667,11.45,"49.1667 11.45","2000-2010",106,5.7083605281459,-1.26564513300095,6.54467376675862
1824,99.9811005197384,48.8208760719034,5.28225794644846,7,2006,49.1667,11.45,"49.1667 11.45","2000-2010",116,4.82377038398361,4.76483860317497,3.39739122841021
2292,114.638874746843,32.5183565827964,6.05516115497918,7,2007,49.1667,11.45,"49.1667 11.45","2000-2010",100,8.32540964997816,5.39548375036928,4.54155545404388
2328,115.616414317645,55.6259169337659,6.10370954099081,7,2008,49.1667,11.45,"49.1667 11.45","2000-2010",103,5.75204905175955,3.61419346760358,6.2636955121694
1836,106.51108451397,53.9341135433097,6.40274179237144,7,2009,49.1667,11.45,"49.1667 11.45","2000-2010",101,7.53934409377761,1.50435480508473,2.44760864094386
2748,124.325140532071,30.0213521162509,5.80403212833429,7,2010,49.1667,11.45,"49.1667 11.45","2000-2010",101,5.90655724502733,3.77774185104476,3.14588881857279
2040,107.661415529571,51.5318842943579,6.94967726401744,7,2011,49.1667,11.45,"49.1667 11.45",NA,NA,NA,NA,NA
3060,134.781232035493,46.5521948169676,6.08290308984297,7,2012,49.1667,11.45,"49.1667 11.45",NA,NA,NA,NA,NA
2124,105.189416309818,76.3325080539932,6.53967727318166,7,2013,49.1667,11.45,"49.1667 11.45",NA,NA,NA,NA,NA
1560,100.822694305437,60.4052580940056,6.57177404665779,7,2014,49.1667,11.45,"49.1667 11.45",NA,NA,NA,NA,NA
1488,90.3421002444956,90.9690365910384,8.43870948879949,7,2015,49.1667,11.45,"49.1667 11.45",NA,NA,NA,NA,NA
1380,86.8968789997758,105.495482037627,8.46225787536992,7,2016,49.1667,11.45,"49.1667 11.45",NA,NA,NA,NA,NA
3096,129.641101230697,41.0274908257706,6.29112889164037,7,2017,49.1667,11.45,"49.1667 11.45",NA,NA,NA,NA,NA
2664,130.128566928812,29.5836623781963,4.61725796131237,7,2018,49.1667,11.45,"49.1667 11.45",NA,NA,NA,NA,NA
1992,106.825030625721,82.2505235251434,6.82709662159604,7,2019,49.1667,11.45,"49.1667 11.45",NA,NA,NA,NA,NA
1716,94.9766529398451,68.4801238710796,6.93209661924911,7,2020,49.1667,11.45,"49.1667 11.45",NA,NA,NA,NA,NA
2364,113.828805171063,92.5735919729233,7.91693530691367,8,2001,49.7167,10.2167,"49.7167 10.2167","2000-2010",114,7.15885229900357,5.07951601549623,5.38966654619823
3336,134.105433329594,27.7672018520927,6.06645147730747,8,2002,49.7167,10.2167,"49.7167 10.2167","2000-2010",94,7.68073753324017,4.21387087355458,5.34989118476844
2820,128.517631916171,54.9235554856785,6.92612887744702,8,2003,49.7167,10.2167,"49.7167 10.2167","2000-2010",117,8.13524571980243,5.67838696985235,7.77565200011367
3072,135.47220402168,58.6233269368506,7.34596757774031,8,2004,49.7167,10.2167,"49.7167 10.2167","2000-2010",106,7.18803262622019,3.49241927677705,5.67733320643505
2508,112.01137688284,46.4635622377133,6.34193534211766,8,2005,49.7167,10.2167,"49.7167 10.2167","2000-2010",107,6.66467198218051,-0.44951611898479,7.66315200262824
2376,116.655613689671,53.0419429097134,6.04499986488372,8,2006,49.7167,10.2167,"49.7167 10.2167","2000-2010",113,5.84622937752331,5.54677406956832,4.65945641759216
2880,130.030476070817,61.7953369183151,7.5806449918497,8,2007,49.7167,10.2167,"49.7167 10.2167","2000-2010",97,9.20598340078761,6.3614514707137,5.9248887564573
2712,125.185330353845,74.3549744595541,7.10564500246678,8,2008,49.7167,10.2167,"49.7167 10.2167","2000-2010",106,6.70295066984951,4.53516118895383,7.0609781030444
2508,126.249110179321,76.3728700856526,7.75209660092068,8,2009,49.7167,10.2167,"49.7167 10.2167","2000-2010",98,8.52016374398572,2.66564510170851,3.4488042707393
2808,126.779846635938,48.4108343523005,7.11725790543301,8,2010,49.7167,10.2167,"49.7167 10.2167","2000-2010",101,7.16377033168053,5.04032246798517,4.37844434657858
2292,116.841712680922,57.5436261736209,6.69306436652738,8,2011,49.7167,10.2167,"49.7167 10.2167",NA,NA,NA,NA,NA
2892,135.848977137754,51.0813151292391,6.61467727150528,8,2012,49.7167,10.2167,"49.7167 10.2167",NA,NA,NA,NA,NA
2892,128.85762893152,84.9491931782357,7.31161273979852,8,2013,49.7167,10.2167,"49.7167 10.2167",NA,NA,NA,NA,NA
2424,121.935304635897,81.785979710458,7.62596757148182,8,2014,49.7167,10.2167,"49.7167 10.2167",NA,NA,NA,NA,NA
1884,107.483956540876,120.41655256787,8.85096754410094,8,2015,49.7167,10.2167,"49.7167 10.2167",NA,NA,NA,NA,NA
1356,98.5784878823469,102.652549351301,8.72322561147232,8,2016,49.7167,10.2167,"49.7167 10.2167",NA,NA,NA,NA,NA
3312,139.695778095377,74.3428446625541,7.88016111418725,8,2017,49.7167,10.2167,"49.7167 10.2167",NA,NA,NA,NA,NA
3228,140.225978073832,28.4940000229038,5.44645149116555,8,2018,49.7167,10.2167,"49.7167 10.2167",NA,NA,NA,NA,NA
2640,121.504922972702,61.5344508693161,7.04096758455759,8,2019,49.7167,10.2167,"49.7167 10.2167",NA,NA,NA,NA,NA
1788,96.3233049154852,100.17143388055,8.01016111128152,8,2020,49.7167,10.2167,"49.7167 10.2167",NA,NA,NA,NA,NA
1812,101.135410276247,97.4720905433631,8.4320965857215,9,2001,49.3333,10.8,"49.3333 10.8","2000-2010",115,6.51606542812508,3.91935475110527,4.75933322695394
2976,122.130194425533,36.7658833424861,6.24725792487903,9,2002,49.3333,10.8,"49.3333 10.8","2000-2010",96,6.86032771551218,3.40274185942666,4.64793467871926
2340,117.903255182291,66.2884650162899,6.89403210397089,9,2003,49.3333,10.8,"49.3333 10.8","2000-2010",107,7.11819656220738,5.16016117498399,7.01499984320253
3072,132.73349780248,60.3866006750927,7.01209661746097,9,2004,49.3333,10.8,"49.3333 10.8","2000-2010",108,6.5967211640272,2.7849999377504,4.86611100234505
2172,110.106664228805,104.795109076036,7.86612885643638,9,2005,49.3333,10.8,"49.3333 10.8","2000-2010",104,5.96598347320725,-0.665161275455067,6.76771724003408
2076,112.034564987941,57.095810855764,5.91677406129818,9,2006,49.3333,10.8,"49.3333 10.8","2000-2010",113,5.09131136161016,5.18290310995954,3.85054339219452
2460,120.041345471347,38.3773113687164,6.25161276349137,9,2007,49.3333,10.8,"49.3333 10.8","2000-2010",96,8.39975391061152,5.57241923028543,5.08933321957787
2340,119.452316888263,79.5533027678285,6.93274178052501,9,2008,49.3333,10.8,"49.3333 10.8","2000-2010",111,5.89483593381392,3.96016120180608,6.54543463630683
2136,117.380893302053,80.5471609731038,8.06580627132808,9,2009,49.3333,10.8,"49.3333 10.8","2000-2010",101,7.70237687701878,1.86193544225347,2.8903260223527
2988,130.402049556877,71.1422770762983,7.9641933703735,9,2010,49.3333,10.8,"49.3333 10.8","2000-2010",109,6.10909822410675,4.03209668406916,3.63911102977064
2292,110.780978185381,56.3942432778402,6.81903210564727,9,2011,49.3333,10.8,"49.3333 10.8",NA,NA,NA,NA,NA
3012,135.804208921416,72.4560595203261,7.38112886727697,9,2012,49.3333,10.8,"49.3333 10.8",NA,NA,NA,NA,NA
2520,117.439110763716,152.621446764445,9.27258043790296,9,2013,49.3333,10.8,"49.3333 10.8",NA,NA,NA,NA,NA
1944,113.345138389272,67.5619882447989,7.13403209860647,9,2014,49.3333,10.8,"49.3333 10.8",NA,NA,NA,NA,NA
1500,98.662235180143,113.08253407619,9.21887076168411,9,2015,49.3333,10.8,"49.3333 10.8",NA,NA,NA,NA,NA
1416,96.3325657903303,113.667435747136,9.02419334668065,9,2016,49.3333,10.8,"49.3333 10.8",NA,NA,NA,NA,NA
3204,134.395896599796,45.2993595189889,6.74516113955648,9,2017,49.3333,10.8,"49.3333 10.8",NA,NA,NA,NA,NA
2808,133.757481070315,37.5843296856259,5.53870955361955,9,2018,49.3333,10.8,"49.3333 10.8",NA,NA,NA,NA,NA
2136,112.368250386374,68.7016879214122,6.80177404151689,9,2019,49.3333,10.8,"49.3333 10.8",NA,NA,NA,NA,NA
1704,94.8632195173132,96.7449963917994,8.28080626652246,9,2020,49.3333,10.8,"49.3333 10.8",NA,NA,NA,NA,NA
1884,99.8612046327672,71.1154325768933,7.54870950869255,10,2001,49.4,11.4,"49.4 11.4","2000-2010",119,6.29213100690089,3.65661282149414,4.67866656209032
2820,121.44271010718,36.2617729145057,6.05870954199664,10,2002,49.4,11.4,"49.4 11.4","2000-2010",109,6.73065558726304,2.65999994054437,4.27228251320269
2268,116.76912245277,62.9214224395581,6.5604837243295,10,2003,49.4,11.4,"49.4 11.4","2000-2010",108,6.99918017142498,5.02854827469996,6.81271723902825
3048,131.917902327831,45.5938649065738,5.86032244965674,10,2004,49.4,11.4,"49.4 11.4","2000-2010",110,6.56557362373979,2.12258059771792,4.41822212346726
2112,106.552543462489,51.4310829895282,5.7841934191003,10,2005,49.4,11.4,"49.4 11.4","2000-2010",113,5.56959003944439,-0.854032238975408,6.34228246693459
1908,105.767522315977,32.824964820098,4.73693537799221,10,2006,49.4,11.4,"49.4 11.4","2000-2010",117,4.50811465333414,4.80499989259988,3.51260861713925
2316,118.017732653479,38.5276961906189,6.4530643718918,10,2007,49.4,11.4,"49.4 11.4","2000-2010",103,8.16114735856774,5.4559676199851,4.55866656477253
2436,118.589462970916,57.4321113917532,6.00290309163111,10,2008,49.4,11.4,"49.4 11.4","2000-2010",110,5.50114741802338,3.77967733487246,6.72489115403479
1944,111.186106352692,69.9727340761283,7.46145144612679,10,2009,49.4,11.4,"49.4 11.4","2000-2010",98,7.38581950704521,1.12903223282868,2.63630428890009
2880,129.030814508588,44.9263171164203,6.63467727105824,10,2010,49.4,11.4,"49.4 11.4","2000-2010",114,5.84508183656535,3.49822572826017,3.08577770880527
2172,112.604381499256,46.6861697655331,6.15887083008044,10,2011,49.4,11.4,"49.4 11.4",NA,NA,NA,NA,NA
3120,135.145830085957,52.7248302358411,6.57516114335627,10,2012,49.4,11.4,"49.4 11.4",NA,NA,NA,NA,NA
2352,113.44851363768,69.228124837309,6.24967727966366,10,2013,49.4,11.4,"49.4 11.4",NA,NA,NA,NA,NA
1716,108.520314225529,59.1607161494911,6.55645146635511,10,2014,49.4,11.4,"49.4 11.4",NA,NA,NA,NA,NA
1572,95.9227479644596,81.6094628642861,8.19822562320699,10,2015,49.4,11.4,"49.4 11.4",NA,NA,NA,NA,NA
1404,90.3414854438973,93.5519040059323,8.25629013803818,10,2016,49.4,11.4,"49.4 11.4",NA,NA,NA,NA,NA
3132,130.785788202278,33.6848988324739,6.00193534971726,10,2017,49.4,11.4,"49.4 11.4",NA,NA,NA,NA,NA
2784,130.841826164415,34.3535557770361,5.30725794588967,10,2018,49.4,11.4,"49.4 11.4",NA,NA,NA,NA,NA
2052,111.047225030006,79.9629887695435,6.91854823245517,10,2019,49.4,11.4,"49.4 11.4",NA,NA,NA,NA,NA
1764,97.9692957699905,82.2415579867188,8.21354820350966,10,2020,49.4,11.4,"49.4 11.4",NA,NA,NA,NA,NA
1752,98.9218368926499,78.3878629788143,7.76629014899053,11,2001,49.4667,9.58333,"49.4667 9.58333","2000-2010",113,7.03491787554421,4.50209667356384,5.2002221059882
2580,118.272983190354,22.8255564249371,5.23645149585941,11,2002,49.4667,9.58333,"49.4667 9.58333","2000-2010",95,7.58057360105278,4.23225796991779,5.53217378938976
2172,113.821194560137,42.7822166258747,5.87354825581274,11,2003,49.4667,9.58333,"49.4667 9.58333","2000-2010",106,7.98278670681671,5.48709665154738,7.64967374205994
2988,130.408869142252,39.5128334006573,5.59096761696762,11,2004,49.4667,9.58333,"49.4667 9.58333","2000-2010",105,6.96434410662986,3.76274185138003,5.22011099443254
2052,102.718473423422,64.2292884374282,6.18193534569394,11,2005,49.4667,9.58333,"49.4667 9.58333","2000-2010",109,6.77081952079153,-0.342580637504016,7.42434766013985
1860,100.84564668483,71.9583063544138,5.69790309844839,11,2006,49.4667,9.58333,"49.4667 9.58333","2000-2010",114,5.45040971423942,5.67596761506772,4.36945642407417
2304,115.049920685844,28.4092487939234,5.38758052473948,11,2007,49.4667,9.58333,"49.4667 9.58333","2000-2010",102,9.15163913970722,6.24532244105132,5.86377764671213
2364,117.347795514139,57.8004580910943,6.60935469097908,11,2008,49.4667,9.58333,"49.4667 9.58333","2000-2010",110,6.36975395598556,4.39677409527283,6.81336941292671
1884,107.183504392793,66.5782437811025,7.20951596788702,11,2009,49.4667,9.58333,"49.4667 9.58333","2000-2010",98,8.19434407913722,2.43354833270273,3.14858688614534
2784,124.338935975491,57.4154328641193,7.16919338814313,11,2010,49.4667,9.58333,"49.4667 9.58333","2000-2010",104,6.83959001105767,4.59258054250911,4.46277767802692
2028,107.212399042112,60.072442868996,6.80790307363796,11,2011,49.4667,9.58333,"49.4667 9.58333",NA,NA,NA,NA,NA
3072,134.477141206602,40.0075615453285,5.84322567584534,11,2012,49.4667,9.58333,"49.4667 9.58333",NA,NA,NA,NA,NA
2220,109.355642423896,70.9534600494673,6.31903211682314,11,2013,49.4667,9.58333,"49.4667 9.58333",NA,NA,NA,NA,NA
1536,102.336095005555,56.6746429594387,6.5361288861642,11,2014,49.4667,9.58333,"49.4667 9.58333",NA,NA,NA,NA,NA
1536,92.3750495574745,85.1765672300703,8.3641933614328,11,2015,49.4667,9.58333,"49.4667 9.58333",NA,NA,NA,NA,NA
1404,87.6050996809801,96.3007834065462,8.2033869134142,11,2016,49.4667,9.58333,"49.4667 9.58333",NA,NA,NA,NA,NA
3168,129.971181546809,57.2318813953864,6.72354823681376,11,2017,49.4667,9.58333,"49.4667 9.58333",NA,NA,NA,NA,NA
2700,128.391404598954,27.8902632661685,4.66274183126347,11,2018,49.4667,9.58333,"49.4667 9.58333",NA,NA,NA,NA,NA
2040,106.859264395384,53.020625536892,5.54935471467193,11,2019,49.4667,9.58333,"49.4667 9.58333",NA,NA,NA,NA,NA
1752,95.2218567304531,63.9516107309585,7.5029030581035,11,2020,49.4667,9.58333,"49.4667 9.58333",NA,NA,NA,NA,NA
1764,95.7971852417044,58.9914878206539,6.88241920100465,12,2001,48.8833,12.6,"48.8833 12.6","2000-2010",114,6.82418017533654,4.13822571395506,4.43499990087003
2412,110.176132312406,20.181073582663,4.86951602019009,12,2002,48.8833,12.6,"48.8833 12.6","2000-2010",105,6.96040968048829,2.65709671480281,4.2103259928484
2172,106.967195420688,80.327445037939,6.6151611424622,12,2003,48.8833,12.6,"48.8833 12.6","2000-2010",107,6.78860640563987,5.45983858764051,7.3963041825058
2952,126.990134430311,53.4139437785615,5.91370954523764,12,2004,48.8833,12.6,"48.8833 12.6","2000-2010",104,6.37860641480408,2.9148386445257,5.48655543292148
1848,99.6012999557793,66.5457027888054,5.90709664215965,12,2005,48.8833,12.6,"48.8833 12.6","2000-2010",102,5.50360643436186,-0.385483862351506,7.29315201089839
1704,89.0522192764341,68.4704981748651,5.18790310984778,12,2006,48.8833,12.6,"48.8833 12.6","2000-2010",114,5.31180315996047,5.13677407873254,4.08510860434288
2112,108.311256693027,18.0249436909096,4.35725796712382,12,2007,48.8833,12.6,"48.8833 12.6","2000-2010",96,8.64106538062762,5.55919342412944,4.4135554569049
2424,115.996314898586,44.1327539347261,5.71112890460438,12,2008,48.8833,12.6,"48.8833 12.6","2000-2010",110,6.49696706789622,3.12709670429749,6.72315202363888
1716,101.722614058522,46.7721036931644,6.39467727642266,12,2009,48.8833,12.6,"48.8833 12.6","2000-2010",100,8.39368833697661,1.66999996267259,2.47967385761845
2700,115.591172849585,38.9469787064509,5.96951599560318,12,2010,48.8833,12.6,"48.8833 12.6","2000-2010",108,6.32409821930112,4.44032248139622,3.80599991492927
1872,107.981635288093,29.2948858560362,5.13693536905151,12,2011,48.8833,12.6,"48.8833 12.6",NA,NA,NA,NA,NA
2928,130.496440059247,31.7304002712121,5.15306440094906,12,2012,48.8833,12.6,"48.8833 12.6",NA,NA,NA,NA,NA
2028,101.846406141608,50.1402887054227,5.50967729620395,12,2013,48.8833,12.6,"48.8833 12.6",NA,NA,NA,NA,NA
1548,99.3663957243368,41.940173442914,5.80483857992916,12,2014,48.8833,12.6,"48.8833 12.6",NA,NA,NA,NA,NA
1500,85.9911226971643,78.685072841696,7.9332256291302,12,2015,48.8833,12.6,"48.8833 12.6",NA,NA,NA,NA,NA
1524,89.4650737429869,89.8922252378365,7.93225788721634,12,2016,48.8833,12.6,"48.8833 12.6",NA,NA,NA,NA,NA
3072,124.101471719693,47.716030869735,6.25419340859498,12,2017,48.8833,12.6,"48.8833 12.6",NA,NA,NA,NA,NA
2532,123.551230148488,25.1474560489217,4.02903216800863,12,2018,48.8833,12.6,"48.8833 12.6",NA,NA,NA,NA,NA
1788,99.055686551237,93.642594836837,6.87709662047846,12,2019,48.8833,12.6,"48.8833 12.6",NA,NA,NA,NA,NA
1896,91.5397936849134,43.2649618042811,6.76225791336788,12,2020,48.8833,12.6,"48.8833 12.6",NA,NA,NA,NA,NA
1836,103.28732990806,79.0436428902023,7.98564498279724,13,2001,48.4333,10.4167,"48.4333 10.4167","2000-2010",119,6.72336050545888,3.79983862474441,4.25855546036942
2976,123.420878375355,25.5694190838976,5.61790310023653,13,2002,48.4333,10.4167,"48.4333 10.4167","2000-2010",106,6.82901624080221,3.83435475300517,4.88499989081174
2352,117.492762486252,51.8196436901445,6.58661275600354,13,2003,48.4333,10.4167,"48.4333 10.4167","2000-2010",121,6.93426214008913,4.92419343832279,6.6252172432192
2976,130.705984890487,52.0399883414057,6.57451598208037,13,2004,48.4333,10.4167,"48.4333 10.4167","2000-2010",115,6.00844248865166,3.01725799707516,4.8155554479195
2244,112.06857240774,70.9293642250942,6.9664514571909,13,2005,48.4333,10.4167,"48.4333 10.4167","2000-2010",115,6.08106543784808,-0.355967733978985,6.28869551161061
2052,113.410172901232,45.1093537702625,5.77322567740996,13,2006,48.4333,10.4167,"48.4333 10.4167","2000-2010",116,4.87860644833169,4.67032247625532,3.99521730200428
2424,117.616655731994,58.7757608588663,7.4949998324737,13,2007,48.4333,10.4167,"48.4333 10.4167","2000-2010",108,8.07565555719995,5.68161277623186,5.04011099845585
2400,118.879298282705,80.0229151451759,6.97548371505353,13,2008,48.4333,10.4167,"48.4333 10.4167","2000-2010",112,5.88827855691131,3.29999992623925,6.34391290168075
2160,115.189237586323,74.175846006992,7.64870950645737,13,2009,48.4333,10.4167,"48.4333 10.4167","2000-2010",104,7.23442606780617,1.59032254509868,2.60663037651988
2964,131.609524131717,54.3493245946207,7.30209661097897,13,2010,48.4333,10.4167,"48.4333 10.4167","2000-2010",120,5.86729495082295,3.95854829861632,3.8214443590285
2268,113.279018916334,53.7513286636962,6.65951598018047,13,2011,48.4333,10.4167,"48.4333 10.4167",NA,NA,NA,NA,NA
3024,134.937439823739,72.1383471666278,7.40177402810584,13,2012,48.4333,10.4167,"48.4333 10.4167",NA,NA,NA,NA,NA
2400,113.395185567826,81.9467783096619,6.90290307151454,13,2013,48.4333,10.4167,"48.4333 10.4167",NA,NA,NA,NA,NA
1848,112.046874173182,65.1465089160197,6.98306436004538,13,2014,48.4333,10.4167,"48.4333 10.4167",NA,NA,NA,NA,NA
1488,96.1008936400762,114.120223122616,9.28645140533486,13,2015,48.4333,10.4167,"48.4333 10.4167",NA,NA,NA,NA,NA
1416,91.8508905791238,105.149263999886,8.70725786989374,13,2016,48.4333,10.4167,"48.4333 10.4167",NA,NA,NA,NA,NA
3228,133.937449219672,62.4391582802994,7.22112887085325,13,2017,48.4333,10.4167,"48.4333 10.4167",NA,NA,NA,NA,NA
2772,129.845640533167,32.3607036062923,5.26048375338676,13,2018,48.4333,10.4167,"48.4333 10.4167",NA,NA,NA,NA,NA
2196,112.956051624905,64.3508311900757,6.54435469243195,13,2019,48.4333,10.4167,"48.4333 10.4167",NA,NA,NA,NA,NA
1668,94.1142431981826,91.1026259487955,8.41532239254804,13,2020,48.4333,10.4167,"48.4333 10.4167",NA,NA,NA,NA,NA
1800,98.7431068799965,66.4430883022292,6.91096758746332,14,2001,49.95,11.1667,"49.95 11.1667","2000-2010",120,5.99163921033872,3.32225799025787,4.39344434624331
2556,118.802648508579,51.2489311136582,6.2909676013214,14,2002,49.95,11.1667,"49.95 11.1667","2000-2010",112,6.69737689948229,2.75048380948964,5.02065206169272
2232,110.411224244129,48.0819224707197,5.91983857735871,14,2003,49.95,11.1667,"49.95 11.1667","2000-2010",111,6.95065558234566,5.06741924157306,7.03999984264374
2976,129.844904850114,52.5518624955746,6.05790309040176,14,2004,49.95,11.1667,"49.95 11.1667","2000-2010",112,6.28163920385671,2.30419349688436,4.2628887936059
1932,99.1998558864258,73.4786974931889,6.40129017950066,14,2005,49.95,11.1667,"49.95 11.1667","2000-2010",112,6.32114739969495,-0.872096754700666,6.34391290168075
1764,96.8594227437669,75.0650658678939,5.56032245636227,14,2006,49.95,11.1667,"49.95 11.1667","2000-2010",122,4.85885235041258,4.62161279992471,3.54771731200668
2232,113.965804958418,22.2628867417514,4.74193537788045,14,2007,49.95,11.1667,"49.95 11.1667","2000-2010",105,8.4116391562475,5.40145149217137,4.66188878468755
2448,116.235588381232,61.0659887236662,6.80467726725845,14,2008,49.95,11.1667,"49.95 11.1667","2000-2010",117,5.36901627343576,3.50467734101919,6.70869550222288
1800,105.400350050313,60.4734324148925,7.04387081029915,14,2009,49.95,11.1667,"49.95 11.1667","2000-2010",101,7.45942606277703,1.53387093345725,2.75347819932453
2748,120.885429620134,47.0474996750482,6.69580630194997,14,2010,49.95,11.1667,"49.95 11.1667","2000-2010",115,5.70163921682073,3.3991934724092,3.08733326432606
2064,108.443657418994,70.4412104963754,7.01241919809892,14,2011,49.95,11.1667,"49.95 11.1667",NA,NA,NA,NA,NA
2928,131.006456492119,37.1731642556303,5.63483858372896,14,2012,49.95,11.1667,"49.95 11.1667",NA,NA,NA,NA,NA
2220,108.25933554691,73.750732157801,6.53999985381961,14,2013,49.95,11.1667,"49.95 11.1667",NA,NA,NA,NA,NA
1572,100.676075611571,71.0766636192276,6.88387081387543,14,2014,49.95,11.1667,"49.95 11.1667",NA,NA,NA,NA,NA
1428,91.0301160908011,96.4176052985529,8.72016109541179,14,2015,49.95,11.1667,"49.95 11.1667",NA,NA,NA,NA,NA
1416,90.0572043812877,98.7811288279227,8.28338691162606,14,2016,49.95,11.1667,"49.95 11.1667",NA,NA,NA,NA,NA
3132,128.826156812411,73.3810096077255,7.19532241981717,14,2017,49.95,11.1667,"49.95 11.1667",NA,NA,NA,NA,NA
2616,126.188410791971,39.354691824176,5.68677406643908,14,2018,49.95,11.1667,"49.95 11.1667",NA,NA,NA,NA,NA
1968,104.981565236436,79.9710121911533,6.42467727575211,14,2019,49.95,11.1667,"49.95 11.1667",NA,NA,NA,NA,NA
1764,90.6002404702083,63.0412609487688,7.51096757405227,14,2020,49.95,11.1667,"49.95 11.1667",NA,NA,NA,NA,NA
1800,93.1728758848481,87.2233071341484,8.16612884973086,15,2001,50.3,10.4667,"50.3 10.4667","2000-2010",116,5.97483593202578,3.74741927107736,4.72355544997586
2688,115.424762650225,22.5612238408529,5.47516116794319,15,2002,50.3,10.4667,"50.3 10.4667","2000-2010",102,6.89040968205291,3.22854831493309,5.25228249129799
2100,110.080703798323,76.7718190045498,7.04258048774735,15,2003,50.3,10.4667,"50.3 10.4667","2000-2010",115,7.01639328579434,4.78870957038335,6.52771724539849
2964,129.56896861668,62.3180453188327,6.93032242574038,15,2004,50.3,10.4667,"50.3 10.4667","2000-2010",112,6.45991788839647,3.03467735152451,4.4832221220144
2016,102.616503664729,44.9272925297952,5.61645148736575,15,2005,50.3,10.4667,"50.3 10.4667","2000-2010",108,6.42868838089778,-1.11790320081937,6.52815202799747
1620,94.3347023665236,56.1019909358879,5.87145148166606,15,2006,50.3,10.4667,"50.3 10.4667","2000-2010",117,4.18295072617589,4.98338698538681,3.58347818077258
2376,113.22720650415,32.5058387815103,5.84112890169866,15,2007,50.3,10.4667,"50.3 10.4667","2000-2010",105,7.77237687545416,5.68838696962883,5.25011099376198
2220,114.529367373792,58.112719464386,6.72096759171015,15,2008,50.3,10.4667,"50.3 10.4667","2000-2010",114,5.37999987974763,3.81854830174557,6.49815202866802
1812,105.563422398411,58.4527647144006,7.13338693733057,15,2009,50.3,10.4667,"50.3 10.4667","2000-2010",101,7.44565557128154,1.00403223562265,2.51065211779559
2676,118.959204202095,36.6490770285334,6.24838695711186,15,2010,50.3,10.4667,"50.3 10.4667","2000-2010",111,5.76557364162119,3.94516120214135,3.65699991825968
2088,112.994270744727,43.1593934099709,6.3232256651165,15,2011,50.3,10.4667,"50.3 10.4667",NA,NA,NA,NA,NA
3132,135.330240821213,51.7680957988359,6.43629017871835,15,2012,50.3,10.4667,"50.3 10.4667",NA,NA,NA,NA,NA
1980,99.6982393960967,62.7347210197001,6.30209663333071,15,2013,50.3,10.4667,"50.3 10.4667",NA,NA,NA,NA,NA
1632,102.775714330664,49.7867102757211,6.49499985482544,15,2014,50.3,10.4667,"50.3 10.4667",NA,NA,NA,NA,NA
1488,90.2829051355099,67.5025786332883,7.16758048495338,15,2015,50.3,10.4667,"50.3 10.4667",NA,NA,NA,NA,NA
1512,91.1839124864989,101.393471095853,8.56225787313475,15,2016,50.3,10.4667,"50.3 10.4667",NA,NA,NA,NA,NA
3204,128.519861345112,40.3627146195939,6.41338695342382,15,2017,50.3,10.4667,"50.3 10.4667",NA,NA,NA,NA,NA
2604,127.956619413264,49.3226785196443,6.15596760433888,15,2018,50.3,10.4667,"50.3 10.4667",NA,NA,NA,NA,NA
2016,104.078948985273,87.5330374940282,7.42145144702086,15,2019,50.3,10.4667,"50.3 10.4667",NA,NA,NA,NA,NA
1788,93.3019913324592,80.2510936411248,8.25580626708125,15,2020,50.3,10.4667,"50.3 10.4667",NA,NA,NA,NA,NA
1728,95.6648219047442,61.6669180790172,7.04145145551452,16,2001,52.4,9.45,"52.4 9.45","2000-2010",112,6.06622937260593,5.44370955574296,6.07177764206297
2580,116.672172560123,71.4073932863224,7.41935467287417,16,2002,52.4,9.45,"52.4 9.45","2000-2010",94,7.33245885250021,3.18048379987839,6.41467376966434
2184,114.535058431956,52.3820949744854,6.1841934101596,16,2003,52.4,9.45,"52.4 9.45","2000-2010",105,7.61836048545407,4.4588708680784,8.57097806929327
2952,131.707256756931,43.3644659149902,5.61967729374526,16,2004,52.4,9.45,"52.4 9.45","2000-2010",96,7.74049163026521,3.51161282473514,5.70566653913508
2040,105.127098161406,41.7123493455828,4.93580634128903,16,2005,52.4,9.45,"52.4 9.45","2000-2010",103,7.45491786615648,0.396451604041842,8.26967372820186
1824,99.9811005197384,78.9682003499197,6.02983857490002,16,2006,52.4,9.45,"52.4 9.45","2000-2010",106,5.71885233119008,4.55580634978269,4.08336947394697
2292,114.638874746843,51.8673583719365,6.35596759986853,16,2007,52.4,9.45,"52.4 9.45","2000-2010",96,9.71352437304974,6.21548373204085,5.2529998825863
2328,115.616414317645,112.350986611904,9.19338689128598,16,2008,52.4,9.45,"52.4 9.45","2000-2010",103,6.85737689590601,5.29129020431109,6.41043463932431
1836,106.51108451397,58.8396180951362,6.95951597347495,16,2009,52.4,9.45,"52.4 9.45","2000-2010",99,9.33885225027677,2.51451607282844,2.52717385655674
2748,124.325140532071,30.1994281456612,5.8237095472493,16,2010,52.4,9.45,"52.4 9.45","2000-2010",99,7.55336048690694,5.36419342848803,3.74144436081664
2040,107.661415529571,41.0884957667063,5.81596761193847,16,2011,52.4,9.45,"52.4 9.45",NA,NA,NA,NA,NA
3060,134.781232035493,55.2604100735478,6.56661275645057,16,2012,52.4,9.45,"52.4 9.45",NA,NA,NA,NA,NA
2124,105.189416309818,44.4700341623861,4.9637095664718,16,2013,52.4,9.45,"52.4 9.45",NA,NA,NA,NA,NA
1560,100.822694305437,55.5532249166231,5.90790309375452,16,2014,52.4,9.45,"52.4 9.45",NA,NA,NA,NA,NA
1488,90.3421002444956,89.6168163835587,8.49838690682044,16,2015,52.4,9.45,"52.4 9.45",NA,NA,NA,NA,NA
1380,86.8968789997758,49.1293536970141,5.83870954691402,16,2016,52.4,9.45,"52.4 9.45",NA,NA,NA,NA,NA
3096,129.641101230697,30.6453801168878,5.81999986991286,16,2017,52.4,9.45,"52.4 9.45",NA,NA,NA,NA,NA
2664,130.128566928812,14.3839551960276,3.7208063684464,16,2018,52.4,9.45,"52.4 9.45",NA,NA,NA,NA,NA
1992,106.825030625721,13.1655237174133,4.05612894159652,16,2019,52.4,9.45,"52.4 9.45",NA,NA,NA,NA,NA
1716,94.9766529398451,59.121337598113,4.5412902210749,16,2020,52.4,9.45,"52.4 9.45",NA,NA,NA,NA,NA
2712,119.812131557622,58.3642155284984,7.54016112178684,17,2001,49.45,10.3167,"49.45 10.3167","2000-2010",94,6.45647526552259,3.77080636732881,4.61766656345377
3384,133.468344248972,28.498342148018,6.04483857456475,17,2002,49.45,10.3167,"49.45 10.3167","2000-2010",92,6.90598345219661,3.23725799215777,4.37630425000806
2724,124.571976575981,26.7949066954316,5.49661278036693,17,2003,49.45,10.3167,"49.45 10.3167","2000-2010",104,7.29393426319737,4.95790311498868,6.77760854416081
3132,134.466166517023,39.8559237104523,6.69467726971714,17,2004,49.45,10.3167,"49.45 10.3167","2000-2010",105,6.42647526619315,2.67241929510548,4.61988878562633
2292,110.611551330209,35.7292858388817,5.93338696415266,17,2005,49.45,10.3167,"49.45 10.3167","2000-2010",100,5.68721298763498,-1.410322549122,6.5769563747327
1656,101.689717843607,35.1805896268335,4.46370957764767,17,2006,49.45,10.3167,"49.45 10.3167","2000-2010",116,4.7529507134354,4.9656450502995,3.60423904987376
2592,126.553531264707,21.9925203492107,4.84080634341245,17,2007,49.45,10.3167,"49.45 10.3167","2000-2010",94,8.21286866888709,5.69306438887912,4.97999988868833
2892,127.633090678859,55.46130542005,6.84822565338184,17,2008,49.45,10.3167,"49.45 10.3167","2000-2010",108,5.62303266120067,3.83322572077234,6.38793463982723
2424,123.282312666951,63.765540129419,6.83241920212224,17,2009,49.45,10.3167,"49.45 10.3167","2000-2010",99,7.4227047521224,1.5117741597576,2.27739125344416
3288,132.08845881492,20.6046263289651,5.66758051848099,17,2010,49.45,10.3167,"49.45 10.3167","2000-2010",104,5.95401626035999,3.93677410555463,3.47533325565358
2016,110.286686643544,55.0971956024311,6.73870952679746,17,2011,49.45,10.3167,"49.45 10.3167",NA,NA,NA,NA,NA
2724,126.15826657559,32.5832535515472,5.53854826330057,17,2012,49.45,10.3167,"49.45 10.3167",NA,NA,NA,NA,NA
2604,123.054611064029,62.4265616879538,6.65548372220608,17,2013,49.45,10.3167,"49.45 10.3167",NA,NA,NA,NA,NA
2472,124.874561965045,47.4675271055408,6.76322565528174,17,2014,49.45,10.3167,"49.45 10.3167",NA,NA,NA,NA,NA
1884,107.585369133996,73.1892205697872,7.86387079197072,17,2015,49.45,10.3167,"49.45 10.3167",NA,NA,NA,NA,NA
1428,94.7519107874449,62.5122970759921,7.56967725015936,17,2016,49.45,10.3167,"49.45 10.3167",NA,NA,NA,NA,NA
3432,142.58957767421,60.7865050865071,7.61564499106739,17,2017,49.45,10.3167,"49.45 10.3167",NA,NA,NA,NA,NA
3312,141.900438108778,29.1215127811016,5.75854825838319,17,2018,49.45,10.3167,"49.45 10.3167",NA,NA,NA,NA,NA
2532,119.462510068972,37.415832676159,5.81806438608516,17,2019,49.45,10.3167,"49.45 10.3167",NA,NA,NA,NA,NA
1740,92.1039940096403,56.7386294438097,7.2827417727019,17,2020,49.45,10.3167,"49.45 10.3167",NA,NA,NA,NA,NA
