"siteslist","cc","meanmat","varmat","varlogmat","sdmat","meanlo","varlo","varloglo","sdlo","meanutah","meangdd","matslope","matslopese","matslopeconfint11","matslopeconfint89","matslopelog","matslopelogse","matslopelogconfint11","matslopelogconfint89","lomatslopelog","lomatslopelogse","lomatslopelogconfint11","lomatslopelogconfint89","meanmatlo","varmatlo","sdmatlo","matslopelog_exp","lomatslopelog_exp"
1,"1950-1960",7.52785229075578,2.62991127841458,0.0575332410866627,1.62170011975537,112,24,0.00193052987240449,4.89897948556636,2427.6,104.056742849817,-2.47761959200633,0.611063038451207,-3.57590492195811,-1.37933426205454,-0.146698148156971,0.0387857698278872,-0.216409191588469,-0.0769871047254729,-0.227270683355683,0.0639152569407038,-0.342147847643013,-0.112393519068353,8.57256432451728,1.7195962200988,1.31133375618063,0.863554603627751,0.796705098290927
1,"2000-2010",8.52904079296764,1.11651398760774,0.0155996139093598,1.056652254816,110.9,31.4333333333333,0.00269170457947116,5.60654379572062,2270.4,116.430316374053,-3.28780530370453,1.47238918598761,-5.93418274955453,-0.641427857854536,-0.25040772033878,0.117177967980579,-0.46101584933447,-0.0397995913430892,0.0986181944493526,0.171113939319443,-0.208930973932905,0.40616736283161,8.99806431500662,0.933191575811135,0.966018413805418,0.778483314875807,1.10364484138008
2,"1950-1960",5.51995069629162,3.1985004918512,0.125894683739788,1.788435207619,115.5,66.7222222222222,0.00499793166651869,8.16836716989523,2444.4,68.9057153074219,-3.13282041707025,1.17504818080059,-5.24477630010124,-1.02086453403925,-0.134019632179405,0.0521273020221758,-0.227709885882245,-0.0403293784765651,0.0032554873194372,0.126368685642236,-0.223871445374658,0.230382420013532,7.08919338993127,1.94050231237407,1.39301913568123,0.874572894662822,1.00326079217335
2,"2000-2010",6.68853263738489,1.30266195384507,0.0305410902851885,1.14134217211363,113.9,28.9888888888889,0.00230410912998475,5.38413306753175,2347.2,86.4294247920155,-3.49694404623403,1.11942842262527,-5.50893255991759,-1.48495553255046,-0.196700395257764,0.0677789400765985,-0.318521894647558,-0.07487889586797,-0.0333739521819031,0.197708941128056,-0.388723263100148,0.321975358736342,7.91798369398701,0.443094333585594,0.665653313358834,0.821436702780627,0.967176814075576
3,"1950-1960",4.50454907964335,3.52469179389567,0.315091335326606,1.87741625482887,115.4,122.044444444444,0.00891960189025069,11.0473727394546,1938,63.4994020061395,-4.94858588132495,1.12566994886165,-6.97179251207758,-2.92537925057232,-0.141636022791223,0.0321076811815724,-0.199344300009017,-0.0839277455734285,0.149625879256429,0.147792416644842,-0.116006687050578,0.415258445563438,6.45072566226666,2.22171081090262,1.49054044255854,0.867937108327074,1.16139965773619
3,"2000-2010",5.97734412869103,0.992777945705659,0.0245369907887224,0.996382429444468,112.7,34.4555555555556,0.00289194301647651,5.86988548061677,2094,66.5543883452987,-4.8681378111289,1.17300042140973,-6.97641318338321,-2.75986243887459,-0.27973243295178,0.0703653921193194,-0.406202654578717,-0.153262211324843,0.144904297603994,0.134439988955121,-0.0967294755702616,0.386538070778249,6.88583855576693,0.886987281426156,0.941800021993075,0.755985991337015,1.15592893980515
4,"1950-1960",5.66807364380048,3.78490093900144,0.166000661392007,1.94548218676025,112.3,86.6777777777778,0.00703785695655458,9.31009010578189,2058,66.3319135202359,-3.99842863897537,0.929617217737726,-5.66926272394918,-2.32759455400156,-0.162406244597634,0.0447503791177822,-0.242837692422416,-0.0819747967728518,-0.291928163002854,0.182730141429877,-0.620355544539651,0.0364992185339424,6.7410321073907,1.07141818080083,1.03509331985132,0.850095787561925,0.74682218350946
4,"2000-2010",6.35584412023089,1.10511822682239,0.0289415801919587,1.05124603534206,113.4,24.2666666666667,0.00198220341890064,4.92612085384298,2145.6,77.4694724417722,-3.16075431851607,1.22311421490775,-5.35910099399731,-0.962407643034826,-0.163649998365283,0.0722049956377925,-0.293426604816915,-0.0338733919136522,-0.00297579735216366,0.170113053490733,-0.308726038040455,0.302774443336128,7.41764499549303,0.464332966871327,0.681419816905354,0.849039134967317,0.997028625944078
5,"1950-1960",5.35118840498178,3.71330148118514,0.18408320860055,1.92699285966117,110.5,109.833333333333,0.0093331191735774,10.480139948175,2358,45.9763242986946,-4.81520414949434,0.893879162914876,-6.42180495759965,-3.20860334138904,-0.183721055333046,0.0460259706071669,-0.266445169104951,-0.100996941561141,-0.297801394157782,0.266857850405554,-0.777434498830158,0.181831710514595,5.90482244866209,0.501506674597899,0.708171359628373,0.832167900251923,0.742448779771275
5,"2000-2010",6.38000805411702,1.51941708166319,0.0399351053942421,1.23264637332172,113.1,48.5444444444444,0.00387454459954449,6.96738433305099,2346,74.9782673467478,-4.72264975140629,1.09806456910805,-6.69624025141082,-2.74905925140177,-0.250566446738962,0.0654192959644549,-0.368146873851102,-0.132986019626822,0.0588877965438836,0.203338139060922,-0.306579072007584,0.424354665095351,7.32930628779014,0.646593357902748,0.804110289638646,0.778359758827698,1.06065622476911
6,"1950-1960",5.19452447405726,3.54478018254348,0.225664835336556,1.88275866285179,113.6,81.8222222222222,0.00669680266577777,9.0455636763124,1885.2,65.3819217966721,0.520185054088634,1.68863334474175,-2.51485570847808,3.55522581665535,0.0583786744330457,0.0573016260454425,-0.0446115758488291,0.161368924714921,-0.222012335243046,0.0855502552274012,-0.378540303777351,-0.0654843667087408,6.3990159860031,7.59263897986804,2.75547436567064,1.06011635867363,0.800905484909914
6,"2000-2010",6.20151625482793,1.45901341569612,0.037527927304991,1.20789627687816,108.1,45.8777777777778,0.00405863169324067,6.77331364826536,2007.6,59.9468665784702,-4.89034382908217,0.970110883453594,-6.63395861950404,-3.1467290386603,-0.280384156681676,0.0607601443089015,-0.389590524832101,-0.17117778853125,0.129451720956294,0.148828975160029,-0.138043888832696,0.396947330745284,6.65666114153461,0.982938625558584,0.991432612716862,0.755493457842308,1.13820415872794
7,"1950-1960",5.29541791442507,3.55176073203881,0.184996040741594,1.88461155998758,113,87.3333333333333,0.0071252234522075,9.34523051258412,2313.6,56.3718449511102,-4.08027945977017,0.99624689154495,-5.87086942699702,-2.28968949254331,-0.147738535654473,0.0456739405082795,-0.229829933210569,-0.0656471380983768,-0.295199045091993,0.244910110481876,-0.735384696282535,0.144986606098549,6.45458050089017,0.525304752791759,0.724779106205304,0.862656639411095,0.744383406855391
7,"2000-2010",6.24874576196899,1.12113757126438,0.0308802786570806,1.05883783992847,114.1,32.9888888888889,0.00267018592683877,5.74359546703012,2336.4,73.9662372288614,-4.45939602378505,1.09191724009383,-6.42193771073778,-2.49685433683233,-0.228623885622694,0.0653835703320186,-0.346140101785163,-0.111107669460225,-0.00524685923582556,0.195288800876572,-0.356246366013785,0.345752647542134,7.29470951436989,0.449970004165036,0.670798035302009,0.795627724262672,0.99476688148771
8,"1950-1960",5.56853266241884,3.51027393076403,0.14662153913036,1.87357250480573,114.9,126.766666666667,0.00948145630047869,11.2590704175197,2418,72.3438144714077,-4.96220947153199,1.19841135683211,-7.11615682169794,-2.80826212136605,-0.197365689718197,0.0566932254266309,-0.299262439931621,-0.0954689395047737,-0.0434963675996554,0.263615814176883,-0.517302445263253,0.430309710063943,7.13416113086165,0.827787081737083,0.909828050643133,0.820890387243172,0.957436031875623
8,"2000-2010",6.71372935813317,1.55211674845068,0.0365357952173223,1.2458397763961,118.7,46.6777777777778,0.00341795580998905,6.83211371229854,2356.8,105.467337926633,-3.74134160027149,1.41756783345346,-6.28918667962624,-1.19349652091674,-0.204645337443624,0.0803672556906834,-0.349092264158878,-0.0601984107283704,-0.162577544910182,0.191781493990159,-0.507273244292508,0.182118154472145,8.41509658610147,0.776401168899497,0.881136294167648,0.814936292552677,0.849950178359627
9,"1950-1960",6.14795887897585,3.54164573204309,0.129386611409203,1.8819260697602,113.1,60.1,0.00479568017376649,7.75241897732572,2367.6,71.4934670317212,-3.32843644329263,0.8581246204404,-4.87077434068682,-1.78609854589845,-0.144246862293965,0.0450798950085741,-0.225270560747684,-0.0632231638402461,-0.350429287192118,0.119911651610245,-0.565950762992093,-0.134907811392142,7.23691919308096,1.07972613077052,1.03909871079244,0.865674019405261,0.704385641070669
9,"2000-2010",6.94174574647923,1.49268858036469,0.0348273714860041,1.22175635065454,112.9,54.5444444444444,0.00432589083836343,7.38542107428171,2314.8,89.6304152078159,-3.27726567582598,1.79584952293374,-6.50500988833497,-0.0495214633169847,-0.184140026304417,0.10624380178381,-0.375095789548117,0.0068157369392822,0.25865578179929,0.175366488823118,-0.0565366450373131,0.573848208635893,7.93437079039492,0.899875502898805,0.948617680047555,0.831819319086204,1.29518790083951
10,"1950-1960",4.55280317692544,4.23777144273458,0.403018105936266,2.05858481553095,118.5,78.0555555555556,0.00557485241446215,8.83490552046571,2028,70.3203986314286,-3.03243674681542,1.07373981988352,-4.96230750998924,-1.1025659836416,-0.072004611277355,0.0328787453366103,-0.131098749521986,-0.0129104730327241,-0.0464227101415696,0.131190027745329,-0.282215212456644,0.189369792173505,6.70477404368501,1.51167539895076,1.22950209391882,0.930526604885051,0.954638341580945
10,"2000-2010",5.7443195437356,1.922599113865,0.0573669302897786,1.3865782032994,114,55.7777777777778,0.00450752680444642,7.46845216746936,2124,70.0000955471449,-3.95060880550891,1.29442761329262,-6.27712958799165,-1.62408802302616,-0.203205636382279,0.0682651808111971,-0.325901073536314,-0.0805101992282432,0.105209447467499,0.148952840524184,-0.162508789945452,0.37292768488045,6.82169339591036,1.09471891423718,1.04628816022986,0.81611040217863,1.11094327024433
11,"1950-1960",4.97478677405075,2.88216946744233,0.139448452554889,1.69769533999547,120,43.7777777777778,0.00317719436301341,6.61647774709307,2416.8,66.7647023443001,-3.02380175533311,0.86932433643309,-4.58626930057112,-1.46133421009511,-0.107825588362803,0.0373457634386835,-0.174948457100724,-0.0407027196248812,-0.294148484648019,0.10721500956429,-0.486849834174174,-0.101447135121864,7.05640306808355,0.894640999722004,0.945854639848008,0.897784166782571,0.745165837541186
11,"2000-2010",6.09712281453835,1.91976274891669,0.0558195354298957,1.38555503279974,120.8,33.5111111111111,0.0023631061902302,5.78887822562464,2414.4,94.7622106899506,-3.2596629260206,0.924016930512,-4.92043141560327,-1.59889443643792,-0.155675962556524,0.0475654111473303,-0.241166967557655,-0.0701849575553938,-0.0168211876387642,0.172778436849354,-0.327362016625263,0.293719641347734,8.23608046107054,0.747165211425111,0.864387188374001,0.855836468505631,0.98331949859698
12,"1950-1960",5.3658113554746,3.64037148982026,0.183600104156488,1.90797575713641,113.8,87.2888888888889,0.00697144703090683,9.34285228872259,2359.2,67.7295275161527,-4.14770356654314,0.920229045174925,-5.80166395510272,-2.49374317798355,-0.15123752388448,0.0434425399569905,-0.229318345875511,-0.0731567018934498,-0.479198866113521,0.125835482167845,-0.705367453241032,-0.25303027898601,7.01946758503815,0.973135926262722,0.986476520887711,0.859643488547108,0.619279318775133
12,"2000-2010",6.31436051460074,1.1887671372787,0.0327095069296015,1.09030598332702,113.4,30.7111111111111,0.00251441345723364,5.54176065083211,2371.2,71.2161881098425,-4.02674750366583,1.0965699870164,-5.99765173812592,-2.05584326920574,-0.204406506564664,0.0662278350837556,-0.323440149789615,-0.0853728633397141,0.0194508412660073,0.180417456061258,-0.304819868612844,0.343721551144859,7.23870951562158,0.503952989380438,0.709896463845565,0.815130947747634,1.01964124135606
13,"1950-1960",5.00145070788099,3.20621055876742,0.237399817037997,1.79058944450352,122.3,99.7888888888889,0.00700865266713232,9.98943886756853,2032.8,85.9947851545141,-1.35111775962084,1.91370399558566,-4.79068600702954,2.08845048778785,-0.0514812333922469,0.0579571527083773,-0.155649685057596,0.0526872182731027,-0.0391124774747546,0.169813574993723,-0.34432445481016,0.266099499860651,7.42283854376404,1.63810226345744,1.27988369137881,0.949821474721995,0.961642539938672
13,"2000-2010",6.41651625002231,1.08890395300932,0.0267848081874103,1.04350560756007,113.9,54.7666666666667,0.00441523083846653,7.40045043674145,2049.6,83.7429826142302,-2.88130416950822,2.29110532402157,-6.99918924585824,1.23658090684181,-0.159509712350659,0.132002610051913,-0.396762697742834,0.0777432730415156,0.241684118557963,0.171918354187974,-0.0673108532745281,0.550679090390454,7.43554822089932,0.787244815079119,0.88726817540083,0.85256168697815,1.2733918884133
14,"1950-1960",5.0204179205718,3.40380147740315,0.235646300979831,1.84493942377606,114.8,43.9555555555556,0.00333348337288667,6.62989860824097,1861.2,62.3524519187697,-3.08307589072979,0.652716352533108,-4.25622620337792,-1.90992557808165,-0.095659004445517,0.0249887113752699,-0.140572104061916,-0.0507459048291182,-0.296062671112544,0.0900051351451555,-0.457832101318632,-0.134293240906457,6.72366114003704,1.08873047537898,1.0434224817297,0.908773851082772,0.743740815495214
14,"2000-2010",5.93222117887993,1.52687478833808,0.0429666374435769,1.23566774997896,110.3,29.5666666666667,0.00250403411818454,5.43752394630742,2025.6,59.1756780636663,-3.18715522437818,1.07274262970701,-5.11523370218516,-1.25907674657121,-0.167536469487445,0.061451301622367,-0.27798507925666,-0.0570878597182304,0.0238304399410918,0.114222451604343,-0.18146563436597,0.229126514248154,6.57516114335627,0.897773367196728,0.947509032778436,0.845745772811563,1.02411665388764
15,"1950-1960",5.29587693080825,3.75494549347741,0.195478898811781,1.93776817330593,117.2,82.4,0.00622248149572938,9.07744457432817,2023.2,69.7768696536094,-3.45934399952091,1.11676610123008,-5.46654742828203,-1.45214057075978,-0.114929521732239,0.0482483039249378,-0.201647914207954,-0.0282111292565246,-0.360340489676201,0.186576309206386,-0.695680725337149,-0.0250002540152531,6.92899984512478,0.798606784741165,0.893648020610556,0.891428968062437,0.697438814922016
15,"2000-2010",6.20114740237716,1.12631295541297,0.0285509808955339,1.0612789244176,114.2,37.2888888888889,0.00305924288641163,6.10646287869573,2110.8,78.7397180786343,-4.39347996584324,1.31360070603271,-6.75446122975131,-2.03249870193517,-0.238888696811142,0.0791220383246986,-0.38109755007144,-0.0966798435508443,0.192349039935765,0.154243505766103,-0.0848782982658914,0.469576378137422,7.35225790018035,0.742067760791605,0.861433549840964,0.787502529037636,1.21209351218113
16,"1950-1960",6.21854904133246,3.41765919364591,0.123648963329925,1.84869121100467,116.3,58.9,0.0045215199007574,7.67463354173996,2313.6,84.0976870381993,-2.14440673256209,1.25675861581726,-4.40322368627778,0.114410221153613,-0.093666643583541,0.0589427160125771,-0.199606483224647,0.0122731960575648,-0.259095683862397,0.155755630412068,-0.539040817465214,0.0208494497404201,7.70174176333652,1.00841792694009,1.00420014286998,0.910586261424241,0.771749175568834
16,"2000-2010",7.05674574390878,1.3942668194087,0.0294242685510241,1.18079076021482,115.2,17.2888888888889,0.00130780928427407,4.15799096787005,2250,108.800458021221,-0.112956715003279,1.24434855805591,-2.34946863057153,2.12355520056497,-0.00634863860240097,0.07450361973503,-0.14025664388887,0.127559366684068,0.0936064884453609,0.0579878390124424,-0.0106171168055673,0.197830093696289,8.62245142017641,3.09815286647345,1.76015705733138,0.993671471424049,1.09812753500926
17,"1950-1960",6.58081132831724,2.64321587880819,0.0689991018331615,1.62579699803149,114.7,48.4555555555556,0.00372724034743325,6.96100248208227,2572.8,77.1217498513977,-3.66422912225837,0.783060591539234,-5.07165177104223,-2.25680647347451,-0.1923398764484,0.0461303196578655,-0.275251540480041,-0.109428212416759,-0.196164450539203,0.129083317407207,-0.428170487443635,0.0358415863652297,7.5832417659852,1.29598690847717,1.13841420778079,0.825026413787053,0.821877065437595
17,"2000-2010",7.7668768755771,1.41101165487502,0.0246984704931692,1.18786011587014,108.2,51.2888888888889,0.00445086143515068,7.16162613439775,2470.8,83.1875763404946,-4.79944620334888,1.29007435550644,-7.1181427207997,-2.48074968589806,-0.331405983737609,0.0937936913271093,-0.499984720700138,-0.162827246775079,0.134344860137365,0.123289437679187,-0.0872476306869159,0.355937350961645,7.8514998245053,1.77447128181498,1.33209282027004,0.717913648601956,1.14378719824831
18,"1950-1960",6.52656542789038,3.29356274274507,0.105823673076582,1.8148175508147,117.6,62.4888888888889,0.00490634331049904,7.90499139081687,2370,98.1334551911335,-2.52892601395166,1.2538725290408,-4.7825557012675,-0.275296326635829,-0.120397557619824,0.0631147857748218,-0.233836006613939,-0.00695910862570807,-0.168652555988547,0.210362498656849,-0.546744555845724,0.209439443868631,8.14117723738535,0.925735263564967,0.962151372479906,0.886567904819877,0.844802373926473
18,"2000-2010",7.41581950637466,1.1381874539714,0.0216943651359293,1.06685868509911,111.7,35.1222222222222,0.00300729689370658,5.92640044396447,2264.4,90.015983669473,-3.13899039259126,1.62036913167448,-6.05133745736452,-0.226643327818007,-0.200737724811133,0.110863357364771,-0.399996379583546,-0.00147907003872014,0.198453368048764,0.137075530952854,-0.0479173584845398,0.444824094582068,7.9516449835572,1.00293955396265,1.00146869844377,0.818126977825174,1.21951515771692
19,"1950-1960",4.63098350304683,3.58721174653394,0.297424714737518,1.89399359727902,119.6,86.9333333333333,0.00629827240503893,9.32380465975845,1933.2,70.8657774237153,-2.45059192887935,1.5095046555698,-5.16367832812916,0.262494470370476,-0.0677913521980636,0.0455252058088323,-0.149615423589462,0.0140327191933349,-0.518038460764891,0.202240242050731,-0.881532039975954,-0.154544881553827,6.85170952427171,0.47833971268985,0.691621075943938,0.934455425308879,0.595687867848702
19,"2000-2010",5.67280315189149,0.913552555237343,0.0263171539352438,0.95579943253663,113.7,27.1222222222222,0.0021104019205542,5.20789998197183,2068.8,65.6232652344269,-3.74278350180156,1.40001381227711,-6.25907811463079,-1.22648888897234,-0.199473988784809,0.0710644451422145,-0.327200643269884,-0.0717473342997332,0.0813271150898256,0.0883062986465211,-0.0773889358623539,0.240043166042005,6.75796759088313,1.35822164815084,1.16542766748985,0.81916152792259,1.08472566867249
20,"1950-1960",4.98794251146162,3.3217365224286,0.209835904463103,1.82256317378263,120.4,60.4888888888889,0.00417227301897071,7.77746031098127,2056.8,78.1087868710598,-2.80249748859169,1.13776249394679,-4.84743848066725,-0.757556496516132,-0.0883599781229969,0.038852313538822,-0.15819062293262,-0.0185293333133736,0.0398757950170384,0.179248146423242,-0.282293273065805,0.362044863099882,7.25732241843136,0.894221663112236,0.945632943119177,0.915431282168783,1.04068150833581
20,"2000-2010",5.97329494845367,0.898695537178937,0.0257344698294147,0.947995536476273,116.6,44.2666666666667,0.00333405170204024,6.65331997326648,2136,85.312190102414,-3.43368750808953,2.16409241716556,-7.32328777004781,0.455912753868752,-0.165479647029138,0.113011260117275,-0.368598803803468,0.0376395097451911,0.160727609722809,0.110836116076115,-0.0384820833127332,0.359937302758351,7.59096757226413,1.50592615536456,1.22716182933,0.847487111909885,1.17436503962438
21,"1950-1960",5.58409003912028,3.39396620357365,0.160327437642862,1.84227202214376,114.6,90.4888888888889,0.00718758372157056,9.51256479025972,2151.6,76.553923877944,-4.08568567729896,1.11629222766553,-6.09203739625037,-2.07933395834755,-0.156450105697173,0.0504405806571799,-0.247108755106638,-0.0657914562877077,-0.200096059258034,0.203689328338847,-0.566194132787892,0.166002014271824,7.14793532410216,1.10821889368918,1.05271976028247,0.855174184958229,0.818652110186561
21,"2000-2010",6.64086870402403,0.951647486796032,0.0203329927859331,0.975524211281315,116.9,31.4333333333333,0.00240224406321858,5.60654379572062,2128.8,101.835977553283,-3.92625017288988,1.48387152425273,-6.5932652336447,-1.25923511213507,-0.231073881111857,0.0899652647137548,-0.392771650773695,-0.0693761114500193,0.0662778165151684,0.128889020639821,-0.165379003899558,0.297934636929895,8.23203207406426,1.19234898242453,1.091947335005,0.793680825847195,1.06852352941773
22,"1950-1960",7.18872934751609,2.67340499896122,0.0639425339881244,1.63505504462731,115,36,0.00278925944388915,6,2523.6,104.645456482952,-2.62219229611548,0.907612302725776,-4.25347616478801,-0.990908427442939,-0.139102912093556,0.05508144713262,-0.238102755860251,-0.0401030683268611,-0.280988048372107,0.0814715397746403,-0.427419744142585,-0.134556352601629,8.57732238892706,1.54174974724213,1.241672157714,0.870138476078062,0.755037359351847
22,"2000-2010",8.40222112367113,1.22307553200943,0.0167962689811024,1.10592745332116,98.6,22.7111111111111,0.00230312659007572,4.7656176001764,2348.4,83.0321508167196,-2.06714542385801,1.33677615459035,-4.46978074563615,0.335489897920132,-0.185890045641661,0.113228867731745,-0.389400316320152,0.0176202250368306,0.0415495932843652,0.104787537877865,-0.146788775052761,0.229887961621491,7.78649982595816,1.60315346660377,1.26615696760069,0.830364892201486,1.04242485784198
23,"1950-1960",5.81331954219333,3.47173667816446,0.157982579063941,1.86325969155254,119.5,87.8333333333333,0.00584431380232876,9.3719439463397,2318.4,93.0745689601794,-4.13555394745069,1.01222103263785,-5.95485480654457,-2.3162530883568,-0.151125949598197,0.0420629796855367,-0.226727238852699,-0.075524660343694,-0.0284728121624067,0.173719322911169,-0.340704729128089,0.283759104803275,7.88858046883777,1.41813383532109,1.19085424604403,0.859739408006774,0.971928718427074
23,"2000-2010",6.83518837181179,1.06240179796366,0.0217426116402767,1.03072877031916,113.6,35.8222222222222,0.00280209234336747,5.98516684999025,2199.6,91.7401151844108,-2.8757638544174,1.78354041685114,-6.08138447282126,0.32985676398647,-0.191690668336065,0.107313965723004,-0.384569875285407,0.00118853861327814,0.116620370282014,0.0866007483916692,-0.0390302345434504,0.272270975107478,7.81298369633395,2.49436921009089,1.57935721421434,0.825562201527831,1.12369276154154
24,"1950-1960",6.91477033724611,2.84984725353295,0.075391941062045,1.68814906140807,113.9,63.6555555555556,0.00511877573697539,7.97844317868816,2425.2,96.0706437163177,-3.69714243120002,1.04089010129229,-5.56797122693094,-1.8263136354691,-0.195124649203433,0.0610552009337922,-0.304861333118733,-0.0853879652881339,-0.246545495014021,0.182371640442483,-0.574328529976975,0.0812375399489329,8.14808046303749,1.04358926107136,1.02156216701254,0.822732098763434,0.781495806565547
24,"2000-2010",8.2278932587152,1.06308671835467,0.0150222242890194,1.03106096733155,113,48.2222222222222,0.00398294364631921,6.94422221866655,2222.4,116.206746895658,-3.79096770272021,1.96815701970935,-7.32840630687334,-0.253529098567081,-0.287457097356042,0.151040210660651,-0.558927039347413,-0.0159871553646704,0.258152942876697,0.15627487597957,-0.0227254492502735,0.539031335003668,8.89719334951933,1.15648012057556,1.07539765695094,0.7501687503034,1.29453679366563
25,"1950-1960",6.03921297976717,3.21533515621255,0.124166819515518,1.79313556548649,114.8,72.1777777777778,0.00571082105886148,8.4957505717728,2347.2,74.2138182754001,-3.52477276657814,1.1193723954072,-5.53666058055019,-1.51288495260608,-0.144901434196715,0.0558980181738385,-0.245368930135118,-0.0444339382583112,-0.42612211530894,0.137525345428558,-0.673301309395964,-0.178942921221915,7.25393532173288,0.975679197914552,0.987764748264764,0.865107558929999,0.65303659148627
25,"2000-2010",7.01790148248194,1.09440876173036,0.0214154276825168,1.04613993410555,113.1,35.8777777777778,0.00293667228410146,5.98980615527563,2206.8,87.986440067031,-3.93966734530533,1.46892034885945,-6.57981012682428,-1.29952456378637,-0.246451137211644,0.0977181245483379,-0.422083397565435,-0.0708188768578527,0.099481908506809,0.171357951523692,-0.208505831687835,0.407469648701454,7.82333853481217,0.722291649119306,0.849877431821381,0.781569550271513,1.10459848672318
26,"1950-1960",4.66505727277702,3.83807746742543,0.509947949556375,1.95910118866419,119.4,65.1555555555556,0.00461136081747404,8.0718991294215,2102.4,68.9298183119208,-2.89157883634883,1.03771766800032,-4.75670570490436,-1.02645196779329,-0.0545373890157142,0.0275419681152141,-0.104039547771066,-0.005035230260362,-0.22399821783618,0.127832048627504,-0.453755304864578,0.00575886919221891,6.62464501321796,0.99049898913551,0.995238156993345,0.946923103673143,0.799316558881148
26,"2000-2010",5.74717200268823,0.986863512947273,0.0308847681961398,0.993410042705062,116.7,11.7888888888889,0.000876196300661938,3.43349514181816,2048.4,81.9506627638887,-0.495835012915033,1.20933672792392,-2.66941892107804,1.67774889524798,-0.0243090372444277,0.0589267793958195,-0.130220233437489,0.0816021589486334,0.0621990140130214,0.0383964907665393,-0.00681236431777025,0.131210392343813,7.3407579004374,2.96785744652632,1.72274706400165,0.975984047727194,1.06417410921531
27,"1950-1960",5.66002446365253,3.30700734126615,0.154226061135537,1.81851789687815,119.3,103.788888888889,0.00752537735835506,10.1876831953535,2020.8,91.6713766168935,-4.14026693129235,1.33429406022022,-6.53844109658952,-1.74209276599519,-0.148457743244933,0.0578303103791619,-0.252398216681151,-0.0445172698087155,-0.146518812941906,0.246838484652234,-0.590170399606683,0.297132773722872,7.89488692030972,0.835689927088503,0.914160777483099,0.862036433263288,0.863709483265584
27,"2000-2010",6.77905722552544,1.22789140387155,0.0262585918094732,1.10810261432394,118,40.2222222222222,0.00304521280794445,6.34209919681348,2066.4,115.001809926911,-4.26138878016095,1.3508198951037,-6.68926541619457,-1.83351214412732,-0.24568412852271,0.0833737504528209,-0.395534735192493,-0.0958335218529268,0.113357954352133,0.229953495901753,-0.299945641558602,0.526661550262868,8.7240481920991,0.553056990249262,0.743678015171393,0.782169250865961,1.12003278181029
28,"1950-1960",6.41433592220219,3.30529540667756,0.115382892611487,1.8180471409393,125.7,30.0111111111111,0.00191369173173193,5.4782397821847,2355.6,127.141633596128,-0.694470674935139,1.03666633106546,-2.55770793822946,1.16876658835918,-0.0216011269544767,0.0448873134780865,-0.102278691774765,0.0590764378658115,-0.0733663708447582,0.105744190049987,-0.263424164151803,0.116691422462287,9.18812882688738,1.62806975147675,1.27595836588689,0.978630506542233,0.929260313765832
28,"2000-2010",7.42666376842736,0.969812018890341,0.0174462058710557,0.984790342606151,110.1,40.1,0.00328778673437724,6.33245607959503,2253.6,98.0968687691691,-3.69756267344284,1.85998150319975,-7.04057357477896,-0.354551772106726,-0.250005235214489,0.125474202846418,-0.475524482169595,-0.0244859882593826,0.258815054289431,0.181575307747941,-0.067536703602023,0.585166812180886,8.24312884800977,0.660180553213953,0.812514955686327,0.778796705892934,1.29539420507053
29,"1950-1960",5.43307364905314,3.39996800807707,0.168222464151977,1.84390021641006,121.2,43.2888888888889,0.00303610184499458,6.57942922212017,2354.4,77.7269950243601,-2.02951653320087,1.03761798045875,-3.89446422979281,-0.164568836608931,-0.0691765579305274,0.0407166112276512,-0.142357971275413,0.00400485541435817,-0.322184846397199,0.133106196801748,-0.561421347501182,-0.0829483452932167,7.36496757731563,0.665753587997774,0.81593724513456,0.933161908397363,0.724564244860414
29,"2000-2010",6.44895887224798,1.0598537614088,0.0277218028082106,1.02949199191096,116.4,61.1555555555556,0.00469696642674163,7.82020175926143,2341.2,90.5645537981406,-4.0056578721046,2.28190123451167,-8.10700011105784,0.0956843668486371,-0.20166727810133,0.126867314040482,-0.429690413348077,0.0263558571454172,0.17291433928311,0.0965644967160279,-0.000644464741753975,0.346473143307974,7.74741918167039,1.68920613329686,1.29969463078712,0.817366838550854,1.18876427032287
30,"1950-1960",6.25526215526596,3.33284117174256,0.12224915014629,1.82560706937242,118.6,76.0444444444445,0.0057485073559837,8.72034657822982,2366.4,96.3682259257385,-2.72211824922186,1.38774882552282,-5.21636856518371,-0.227867933260009,-0.108750486225111,0.0663289281697352,-0.227965827648617,0.0104648551983959,-0.0785926387277759,0.26361683588652,-0.552400552746438,0.395215275290887,8.09009659336579,0.654127547356668,0.808781520162687,0.896954192006014,0.92441641920378
30,"2000-2010",7.23391787109622,1.07677269634777,0.0208807189157416,1.03767658562183,112.8,31.7333333333333,0.00266948829464107,5.6332347131407,2230.8,91.7489883607274,-3.80504738160498,1.36895929285901,-6.26552660230698,-1.34456816090297,-0.237500944996908,0.094497325084297,-0.407344347934223,-0.0676575420595928,0.1090450459618,0.211350070813761,-0.270821952453552,0.488912044377152,8.04730627174159,0.482891203121137,0.694903736585966,0.788596145759805,1.11521258503351
31,"1950-1960",5.34931135584341,3.45191472699169,0.225744566147746,1.8579329177857,126.1,35.6555555555556,0.00231366170033489,5.97122730730924,2096.4,98.4617064905596,-0.90909813946637,1.08988253775887,-2.86798278355333,1.0497865046206,-0.027971120353253,0.0343995665280307,-0.0897986846094626,0.0338564439029566,-0.331003695722942,0.124709249872112,-0.555148065493671,-0.106859325952212,7.86387079197072,0.612261667623412,0.78247151233985,0.972416449439287,0.718202514758155
31,"2000-2010",6.28442608904032,0.941486813297612,0.025744442501504,0.970302433933674,117.8,32.1777777777778,0.00247195119762414,5.67254596964871,2100,90.1380438653116,-4.18935849269549,1.44165246376318,-6.78049173461614,-1.59822525077485,-0.208518771351832,0.0810391495183689,-0.354173316737825,-0.0628642259658397,0.161330702272479,0.201098382190196,-0.200110571603827,0.522771976148785,7.79859659988133,0.452677335816467,0.672813002116091,0.811785796242727,1.17507350404371
32,"1950-1960",6.42343428265456,3.18835264711687,0.10781460842031,1.7855958801243,113.5,57.6111111111111,0.00453667607502032,7.5901983578238,2367.6,88.5901012502633,-3.60773659948393,0.79478591714454,-5.03623359296037,-2.1792396060075,-0.161056342522329,0.0449156792642291,-0.24178489017881,-0.0803277948658476,-0.484751582004386,0.133545935176152,-0.724778440526891,-0.244724723481881,7.9648385316494,0.787039148537266,0.887152269081957,0.851244108515806,0.615850166027182
32,"2000-2010",7.37228672046245,1.09251181542978,0.0206949785079986,1.04523290008963,114.1,17.4333333333333,0.00141128612973654,4.17532433869913,2282.4,107.350664337191,-1.28446753758528,1.33731330864084,-3.68806830544092,1.11913323027037,-0.0774145675330691,0.0881770956424199,-0.235898397331193,0.0810692622650546,0.0808152099859623,0.0710587977231863,-0.0469012941920573,0.208531714163982,8.61606432354498,2.2365075725836,1.49549576147296,0.925506089287602,1.08417053416662
33,"1950-1960",5.63068020201334,3.3614419307883,0.149598167094645,1.83342355466169,121.3,36.9,0.00264330864542179,6.07453701939498,2395.2,83.9296592021788,-0.998719995272117,1.11691485275486,-3.0061907804387,1.00875078989447,-0.0468542722814349,0.0439802073272815,-0.125901462957898,0.0321929183950281,-0.0444856274875108,0.108957611042867,-0.240319016622418,0.151347761647396,7.64972563546691,1.75184603713323,1.32357320807473,0.954226444701397,0.956489347149918
33,"2000-2010",6.58391788562485,1.33494975190302,0.0339231142159552,1.15540025614633,112.1,36.3222222222222,0.00298064456544657,6.02679203409428,2397.6,70.6696710122978,-4.12300562894642,1.12968501069863,-6.15342867312438,-2.09258258476846,-0.224848713693345,0.0682896085997909,-0.347588055780534,-0.102109371606156,0.104449730261895,0.153465879848979,-0.171379953224576,0.380279413748367,7.29630628852775,0.870429759042279,0.932968251894071,0.798637032467417,1.110099588048
34,"1950-1960",5.9358359328975,3.61340240767015,0.147480748776944,1.90089515956829,116.8,129.066666666667,0.0109032949266015,11.3607511488751,2242.8,81.5135900100233,0.0354261967433181,2.11298424508438,-3.76231552999791,3.83316792348455,0.00222862326571561,0.0961283815733345,-0.170546335503831,0.175003582035262,0.150961081220119,0.0512896868221751,0.0587763031039499,0.243145859336287,7.21237080653288,5.35192074612449,2.3134218694662,1.00223110849241,1.16295139655165
34,"2000-2010",6.68405722764886,1.23160133532504,0.0294269845610256,1.1097753535401,114.4,32.0444444444444,0.00256500562923238,5.66078125742767,2230.8,91.0302790561436,-1.59532109573917,1.71294596319135,-4.6740597920634,1.48341760058505,-0.0806106988880385,0.100416010214674,-0.261091965093558,0.0998705673174808,0.124732539613991,0.071371457495068,-0.00354591909100159,0.253010998318984,7.82869337340216,1.99584106842723,1.41274239280459,0.922552772364897,1.13284542127047
35,"1950-1960",5.57747528516978,3.53696008972813,0.168221494003843,1.88068075167694,105.4,136.711111111111,0.0125709830489298,11.6923526764767,2152.8,55.0826749595818,-5.40939693425931,1.08343058011836,-7.35668524543109,-3.46210862308754,-0.218448696409878,0.0581043495040765,-0.322881710110827,-0.114015682708928,-0.24252457592613,0.270586416329805,-0.728859164731375,0.243810012879116,6.39599985703826,0.795070861671111,0.891667461372855,0.803764714402359,0.784644463977382
35,"2000-2010",6.40430313554119,1.07481132770243,0.0256445570785725,1.03673107781258,110.1,35.4333333333333,0.00295176129093506,5.95259047250299,2145.6,72.1998879263185,-3.80448430119572,1.52039984566621,-6.53715301306627,-1.07181558932517,-0.221567191761489,0.0908369536728906,-0.38483167898904,-0.058302704533937,0.0117970670136681,0.118437073579511,-0.201074097251955,0.224668231279292,7.1047901637762,1.32930602249237,1.15295534280057,0.80126208212844,1.01186692685218
36,"1950-1960",5.58409003912028,3.39396620357365,0.160327437642862,1.84227202214376,117.7,82.4555555555555,0.00628897085286972,9.08050414655241,2151.6,86.8582905278983,-3.45583091364596,1.24257702285251,-5.68915878599288,-1.22250304129905,-0.125308414440578,0.0542259095056162,-0.222770570005182,-0.0278462588759733,-0.178836703050509,0.209074511920992,-0.554613758543272,0.196940352442253,7.6616933771349,0.92688327600063,0.962747773822734,0.882224769763076,0.836242444088221
36,"2000-2010",6.64086870402403,0.951647486796032,0.0203329927859331,0.975524211281315,117,21.5555555555556,0.00165276059792077,4.64279609239471,2128.8,106.061769259916,-3.09453752608512,1.27840794922339,-5.39226559663656,-0.796809455533671,-0.177530637509854,0.0788729533921277,-0.319291801562754,-0.0357694734569544,0.0772272219210343,0.115021871860832,-0.129505678842416,0.283960122684485,8.48758045544908,1.29253884266992,1.13689878294856,0.837335345072879,1.08028751351129
37,"1950-1960",4.9814425116069,2.64721218002702,0.122548966524403,1.62702556219225,127.6,35.6,0.00218535082570154,5.96657355607052,2472,88.3872077739939,-2.55222471775368,0.931011463884946,-4.22556473091081,-0.878884704596559,-0.0901935393260807,0.0348166553640058,-0.15277075217992,-0.0276163264722417,-0.0909636349828344,0.123021003328546,-0.312073659202506,0.130146389236837,8.23740304168614,1.18950168373114,1.0906427846601,0.913754320761218,0.913050913407696
37,"2000-2010",6.15818838694392,1.65871968524806,0.0466205281127056,1.28791291834815,112.2,101.511111111111,0.00852252542892061,10.0752722599,2456.4,59.9067143564011,-4.99723639888887,2.12797147874349,-8.82191521366945,-1.17255758410829,-0.263411319090657,0.119069706159237,-0.477419536389832,-0.0494031017914822,0.345907856850359,0.143808737412717,0.0874352988969332,0.604380414803785,7.23611274148608,1.41720397439607,1.1904637644196,0.768425764113275,1.41327238644891
38,"1950-1960",5.96786052234563,2.51775524808837,0.0830790112734969,1.58674359872299,123.4,15.8222222222222,0.00103467076856579,3.97771570404701,2542.8,98.2217141093294,-2.04437531528516,0.512931164847955,-2.96628473899279,-1.12246589157752,-0.0892537410346974,0.0236849821412083,-0.131823601734816,-0.0466838803345787,-0.0577648903075252,0.0743534731298978,-0.191403031760998,0.0758732511459474,8.46230626246561,1.65747864049621,1.28743102358775,0.914613469160477,0.943871834768653
38,"2000-2010",7.32640147558643,1.88580835645446,0.0367287526933287,1.37324737627802,112.7,33.7888888888889,0.00271920949603076,5.81282107834818,2470.8,94.0918838797932,-3.55393816945728,0.812940636349248,-5.01506528538796,-2.0928110535266,-0.221583721067964,0.0558295996282925,-0.321928245921321,-0.121239196214606,-0.0522422111740773,0.141489134976182,-0.306545665177403,0.202061242829248,8.26677400877158,1.06834806763018,1.03360924320082,0.801248837931376,0.949098956628002
39,"1950-1960",5.17576217939467,3.3732417510975,0.20300735308645,1.83663871000736,124.4,30.0444444444444,0.00201706477444801,5.48128127762519,2112,87.8879239366318,-1.71120162750325,0.864471417971044,-3.2649468498074,-0.157456405199106,-0.0480788579119399,0.0308713929048402,-0.103565110244433,0.00740739442055342,-0.203823737289027,0.0933214041797686,-0.371553615765919,-0.0360938588121353,7.63493531321686,1.07010055454456,1.03445664701067,0.953058627900743,0.815606119463893
39,"2000-2010",5.84345888578196,1.34840795399481,0.0381675342231812,1.16120969423908,118.4,14.9333333333333,0.00109293076855784,3.86436713231718,2096.4,87.4791731726371,-2.07188134509555,0.920739954572716,-3.72676000928501,-0.417002680906081,-0.101871934861917,0.0477718518738542,-0.187733983122381,-0.0160098866014517,0.0454279591151452,0.0738911652541864,-0.0873792599524768,0.178235178182767,7.69411273124898,1.80115104244443,1.34206968613572,0.90314520567857,1.04647561286921
40,"1950-1960",5.3814998797141,3.28238574721617,0.152381169691144,1.81173556216579,123.6,33.1555555555556,0.0022515739673443,5.75808610178378,2494.8,81.8636388674269,-1.874308055809,0.907470610651635,-3.50533725627775,-0.243278855340243,-0.067557731099418,0.0357279408472297,-0.131772829759866,-0.00334263243896975,-0.327556585893257,0.123606925062501,-0.54971970808222,-0.105393463704294,7.30599983669817,0.541208958347407,0.735669054906761,0.934673759314697,0.720682509658156
40,"2000-2010",6.4569998556748,1.44526862988816,0.0364919406330228,1.20219325812789,121.6,22.0444444444444,0.00151146978053165,4.69515116310907,2450.4,107.645477926267,-3.26174788602407,0.759427092897677,-4.62669320723262,-1.89680256481553,-0.165998801723674,0.041628827700157,-0.240819774175313,-0.0911778292720341,-0.205298501775336,0.0832935455034844,-0.355004953237386,-0.0555920503132853,8.41445142482558,1.11891888396124,1.05778962178745,0.847047249185457,0.814404179031469
41,"1950-1960",4.42908186821542,3.79806503490733,0.314494743414492,1.94886249769124,121.9,42.5444444444444,0.00287933139975122,6.52261024777998,1936.8,73.7353720276124,-2.09385974542282,0.92313065666698,-3.7530353035057,-0.434684187339931,-0.0503143698330545,0.0287747371508399,-0.102032228216514,0.00140348855040535,-0.0973271298544472,0.107769209763806,-0.291024563107949,0.096370303399055,6.94574178023444,1.31461468975799,1.14656647856022,0.950930433664649,0.907259166024362
41,"2000-2010",5.58324577684407,1.32731735265031,0.0399959719307673,1.15209259725523,117.8,125.733333333333,0.0112980076837278,11.2130875914412,2022,95.9740126222416,-2.33551590403184,3.34052342750473,-8.33955745772771,3.66852564966403,-0.12232662813217,0.182864305644511,-0.450995147783148,0.206341891518808,0.27640105862326,0.0862842088611586,0.121319381552927,0.431482735693593,7.90051595244196,4.40936154875274,2.09984798229604,0.884859301355631,1.3183765042781
42,"1950-1960",5.21465562114828,3.52891224452667,0.211193824123007,1.87853992359137,131.2,199.066666666667,0.0107696426875088,14.1090987191481,2106,109.803455632703,-5.0051841710156,1.9798465033104,-8.56363269975243,-1.44673564227878,-0.127765187051141,0.0658313892655089,-0.246086284108343,-0.00944408999393949,0.110520439218985,0.265855861061211,-0.367311754371535,0.588352632809504,8.76576938932324,1.28126408181189,1.13192936255399,0.880060004369354,1.11685917654811
42,"2000-2010",6.14381133808495,0.96838925058224,0.0253100627464061,0.984067706299846,115.5,31.3888888888889,0.00242431582140834,5.60257877132387,2134.8,81.835446388613,-3.51456329518469,1.58356200096027,-6.36075559497086,-0.668370995398518,-0.187942466995801,0.0869355305193677,-0.344194787645074,-0.0316901463465273,0.115796075749749,0.105710967361689,-0.0742020052381357,0.305794156737634,7.54077402499895,1.35073301742999,1.16221040153235,0.828662381297514,1.12276688939036
43,"1950-1960",5.87669658995707,3.22609942735785,0.12027125882045,1.79613457941153,122.9,45.6555555555556,0.00314270724568592,6.75688948818579,2440.8,97.4506156210067,-2.63950423106786,0.947691558629247,-4.34282397169517,-0.936184490440554,-0.104867204995316,0.0434928577381485,-0.183038464923849,-0.0266959450667823,-0.285719578172166,0.214066179753551,-0.67046833577669,0.0990291794323589,8.07014498090852,0.465989148147734,0.682633978166729,0.900444089124204,0.751473315923889
43,"2000-2010",7.19133590483488,1.35907183456859,0.0270340367783051,1.16579236340293,111.9,44.1,0.003779006785441,6.6407830863536,2336.4,81.367933564839,-3.78300267120145,1.50571854663804,-6.48928416222462,-1.07672118017828,-0.238419663517259,0.101822799413341,-0.421429401978514,-0.0554099250560034,0.150061154690626,0.149709874139837,-0.119017726161764,0.419140035543016,7.75798369756329,1.12872787907136,1.06241605742353,0.787871980578536,1.16190529651457
44,"1950-1960",5.57747528516978,3.53696008972813,0.168221494003843,1.88068075167694,127.2,42.4,0.00274916963891458,6.51152823843988,2152.8,120.876856571823,-2.17418955570664,0.952666987985836,-3.88645181245537,-0.461927298957911,-0.0733633248915694,0.0370141548131668,-0.13989018165401,-0.0068364681291284,0.048760712466203,0.108350219111767,-0.145980989550548,0.243502414482954,8.89291915606647,2.56760759391364,1.60237560949786,0.929263144253559,1.04996907616699
44,"2000-2010",6.40430313554119,1.07481132770243,0.0256445570785725,1.03673107781258,115.4,50.2666666666667,0.00402978986742404,7.08989891794422,2145.6,90.980122006452,-4.90863451854103,1.68349358768569,-7.93443741296816,-1.8828316241139,-0.273769930546308,0.101359624396301,-0.455947188077766,-0.0915926730148489,0.302207825204814,0.15334624028619,0.0265931741592288,0.577822476250399,7.78116111640007,0.845630305589679,0.919581592676625,0.760507024570537,1.35284235223492
45,"1950-1960",5.84172937762389,3.26807054943274,0.134753741069712,1.80778055898185,125.5,28.2777777777778,0.00186347900676219,5.31768537784794,2212.8,119.705964349567,-1.9380610557071,0.782357281383375,-3.34421962013635,-0.531902491277856,-0.0681763766640932,0.0338761632379138,-0.129063209573434,-0.00728954375475231,-0.0354065137528508,0.0917423305804229,-0.200298267093797,0.129485239588096,8.91891915548532,2.38742548611683,1.54512960172176,0.934095706362463,0.965212964150025
45,"2000-2010",6.62546706502402,0.911952937897159,0.0205979417240222,0.954962270405045,113.6,31.1555555555556,0.00253730440989569,5.58171618371586,2206.8,81.4851736280596,-4.4381143912282,1.34474425872261,-6.85507106992914,-2.02115771252725,-0.257332985086869,0.0843816921085482,-0.408995201139439,-0.105670769034299,0.11285367028696,0.164520993220203,-0.182845761609335,0.408553102183256,7.64508047428042,0.647906516590721,0.804926404456159,0.773110736554021,1.11946810951554
46,"1950-1960",5.63600807074671,2.79698188555073,0.12821854047519,1.67241797573176,134,76.4444444444444,0.00407751854851259,8.743251365736,2113.2,126.575813908643,1.13543215552469,1.80422563734353,-2.10736674528877,4.37823105633816,0.0207156561223807,0.0626220601630257,-0.0918371996070877,0.133268511851849,0.133855923483018,0.129601943194189,-0.0990822579919997,0.366794104958035,9.08069334541778,2.14994785191849,1.46627004740549,1.02093171467918,1.14322809545638
46,"2000-2010",6.4520408393922,0.796263032053349,0.0196599406613291,0.892335717122961,116.3,38.0111111111111,0.00299130636077856,6.1653151672166,2176.8,89.6613351713488,-4.05284210526102,1.97836260379606,-7.60862356862951,-0.497060641892515,-0.218668095201451,0.114201917518193,-0.423927262865231,-0.013408927537671,0.323359194158852,0.186642738496175,-0.0121004372270259,0.658818825544731,7.88433853344872,0.521115715228994,0.721883449892705,0.803588388738836,1.3817615824679
47,"1950-1960",5.76940970710922,3.03857248920628,0.107786094163193,1.74315016255235,119.4,165.155555555556,0.0113257333653742,12.8512861440229,2510.4,87.9409609789468,-5.08992414509823,1.88565905060601,-8.479086215546,-1.70076207465045,-0.212584343993346,0.0865187210856555,-0.368087518224614,-0.0570811697620787,0.243702585982112,0.160471771372897,-0.0447190354874754,0.532124207451699,7.8521449857812,2.4981092654214,1.58054081422195,0.808492121991444,1.2759647842379
47,"2000-2010",7.53944245443114,1.55682839616922,0.0269863401171214,1.24772929602908,99.5,8.05555555555556,0.000806517333138862,2.83823106098773,2314.8,67.0968732062737,-0.632427463991465,0.772526132687608,-2.02091615524936,0.756061227266428,-0.0460136245970017,0.0589161254766863,-0.151905672122324,0.059878422928321,0.0141096856114752,0.0485525341096,-0.0731555105943256,0.101374881817276,6.93183855473875,1.9845301066829,1.4087335115922,0.955028950217502,1.01420969704856
