"siteslist","cc","meanmat30","varmat30","varlogmat30","sdmat30","meanmat45","varmat45","varlogmat45","sdmat45","meanmat60","varmat60","varlogmat60","sdmat60","meanlo","varlo","varloglo","sdlo","meanutah","meangdd","mat30slope","mat30slopese","mat30slopeconfint11","mat30slopeconfint89","mat45slope","mat45slopese","mat45slopeconfint11","mat45slopeconfint89","mat60slope","mat60slopese","mat60slopeconfint11","mat60slopeconfint89","mat30slopelog","mat30slopelogse","mat30slopelogconfint11","mat30slopelogconfint89","mat45slopelog","mat45slopelogse","mat45slopelogconfint11","mat45slopelogconfint89","mat60slopelog","mat60slopelogse","mat60slopelogconfint11","mat60slopelogconfint89","lomatslope","lomatslopelog","lomatslopelogse","lomatslopelogconfint11","lomatslopelogconfint89","meanmatlo","varmatlo","sdmatlo","mat30slopelog_exp","mat45slopelog_exp","mat60slopelog_exp"
1,"1950-1960",7.79603107574512,2.09837759282716,0.0361744249202236,1.44857778280186,6.92879090793139,2.39397477165474,0.0608900230026628,1.54724748235528,7.14349164360921,3.22775410367016,0.0813853385084534,1.7965951418364,115.5,125.166666666667,0.00933978619621978,11.1877909645589,2374.8,120.929982879573,4.32532401346701,2.26221214461639,0.259369675976271,8.39127835095775,-0.736756635822859,2.54315815303833,-5.30766522539926,3.83415195375354,-4.9377325586501,1.34150338319258,-7.34886429650721,-2.52660082079298,0.281170639915374,0.149637321015677,0.0122221613732096,0.550119118457539,-0.0449326061473716,0.137554013535822,-0.292163326443091,0.202298114148348,-0.25752120257268,0.077816200576605,-0.397383027209445,-0.117659377935916,2.77792012054018,0.180613898864778,0.191663720751169,-0.163870122486799,0.525097920216355,8.90220947843947,1.84622470674934,1.3587585167164,1.32467962786995,0.95606191235759,0.772965237288116
1,"2000-2010",7.81715607527294,3.33225509626227,0.089265518891694,1.82544654708438,6.45858149815153,2.03515897533531,0.0517924005597137,1.42658998150671,8.1647867027487,1.21553006331216,0.017958477912213,1.10251079963516,100.3,282.455555555556,0.0315607276576803,16.8064141194829,2233.2,98.1803884698882,3.02982686879465,3.07376468165564,-2.49475970437259,8.55441344196189,-6.18785953562143,3.54433264123197,-12.5582146371192,0.182495565876287,-5.91857035924938,4.96667465473117,-14.8453513436799,3.00821062518119,0.143549118115698,0.204007895575422,-0.223121527637511,0.510219763868907,-0.394344689651279,0.238186408482752,-0.822445592126988,0.0337562128244309,-0.54651515288651,0.427017117675836,-1.31400820429141,0.22097789851839,6.32869867859121,0.456383223863879,0.11565826425555,0.248506512417683,0.664259935310075,7.54072563790326,4.44716911123188,2.10883121923777,1.15436350957505,0.674121653431683,0.578963899620071
2,"1950-1960",6.67628110077349,2.10642434051431,0.0515234661893088,1.45135259000503,5.76552402571986,2.54429019230506,0.101783396729964,1.59508313021769,6.0227211768571,3.28735598460931,0.119482776060408,1.81310672179255,108.9,81.4333333333333,0.00702020222618021,9.02404196207738,2407.2,59.677620077833,2.62694372791944,1.99244438055319,-0.954147413598153,6.20803486943704,-2.59643405832459,1.77710569870389,-5.79048932896759,0.597621212318417,-4.47579779117895,0.769652112591387,-5.8591209039105,-3.0924746784474,0.14445212744521,0.120096890666124,-0.0714022850974665,0.360306539987886,-0.122646545904937,0.0821049656191421,-0.270216720471959,0.0249236286620857,-0.202858589057873,0.0469085860161864,-0.287169058892439,-0.118548119223306,-6.67224853066712,-0.421680451158852,0.0812060175598751,-0.567634914410093,-0.275725987907612,6.73920952678628,1.40985151779331,1.1873716847699,1.15540638138446,0.884576264415417,0.816393680262733
2,"2000-2010",6.75595297399268,3.78295413020518,0.150842192107281,1.94498178145842,5.50341775138516,2.47065596655473,0.0966308904246772,1.57183204145823,7.12390148011265,1.36410058729252,0.0273284285926262,1.16794716802282,110.4,40.7111111111111,0.00334381754831583,6.38052592746955,2332.8,79.312257118582,-0.0538159654533895,1.15967822030189,-2.13814687188551,2.03051494097873,0.232558881314128,1.43281940174211,-2.34269838411007,2.80781614673833,-4.61543922434571,1.03334260684865,-6.47270263990513,-2.7581758087863,0.00617480901733035,0.052594588480977,-0.0883553152557984,0.100704933290459,0.0279088776717192,0.0650241469382281,-0.0889613340430869,0.144779089386526,-0.295694338624301,0.06606966244504,-0.41444369254067,-0.176944984707933,-0.441270513030041,-0.0291841198720068,0.167009479431141,-0.329356196532069,0.270987956788056,7.61609660396052,0.945956997832675,0.972603206776882,1.00619391245031,1.02830197888166,0.744014809857808
3,"1950-1960",7.08762484157924,1.52571996651722,0.0320617179194934,1.23520037504739,6.29966797513347,2.04760992555858,0.0582952111413129,1.43094721270862,6.58081132831724,2.64321587880819,0.0689991018331615,1.62579699803149,111.8,75.9555555555555,0.0062270206279628,8.71524845059253,2572.8,69.0614626756049,2.0070965576038,2.39152100855242,-2.29126919958863,6.30546231479623,-1.58400229520069,2.07923290024768,-5.32108152958393,2.15307693918256,-4.71248059857198,0.903366341635291,-6.3361330503795,-3.08882814676446,0.107804211522283,0.151078645818503,-0.163734811345147,0.379343234389713,-0.0928581281315767,0.110790399866755,-0.291985653798253,0.106269397535099,-0.25470183780955,0.0563192066841162,-0.355926350836002,-0.153477324783098,-5.78359713575642,-0.382763098192262,0.140884494254805,-0.635979809924508,-0.129546386460016,7.33124177161784,1.12417973960535,1.0602734268128,1.11382964902537,0.911322782191038,0.775147583210259
3,"2000-2010",7.26304671265825,3.58687683753821,0.0889908034050565,1.89390518177078,6.18931314668222,2.08293360077455,0.0576536610023397,1.44323719491099,7.7668768755771,1.41101165487502,0.0246984704931692,1.18786011587014,111.8,57.2888888888889,0.00443866834505228,7.56894238905865,2470.8,101.298408491333,1.17821954005575,1.35016671842331,-1.2484831183016,3.60492219841311,-0.906637525518852,1.82626505094704,-4.18904864817907,2.37577359714137,-5.60957427893897,1.06852487201863,-7.53007203085852,-3.68907652701941,0.0662768511967717,0.0754032584111793,-0.0692481066757613,0.201801809069305,-0.0351864029019062,0.0973077641884361,-0.210081107987396,0.139708302183584,-0.376697335896556,0.0687508340904389,-0.500265654960429,-0.253129016832684,1.51554003922379,0.0934540357145662,0.13773616102697,-0.154104064744618,0.34101213617375,8.3761127160051,1.58881814177348,1.2604832969038,1.06852249795281,0.96542544138032,0.686123707489596
4,"1950-1960",6.49767172976572,1.84366456303532,0.0444126682888377,1.35781610059511,5.59739504397059,2.59342192357999,0.114251555408563,1.61041048294526,5.81331954219333,3.47173667816446,0.157982579063941,1.86325969155254,122.6,33.6,0.00226905048104349,5.79655069847578,2318.4,93.329424615225,0.950141935535747,1.47147050678897,-1.69458433551999,3.59486820659148,0.122279039408656,1.27185413152982,-2.16366962153185,2.40822770034916,-1.28733277446749,1.00130712625422,-3.08701768149203,0.512352132557056,0.0632907902769464,0.0767173703372606,-0.0745960676934685,0.201177648247361,-0.0090258144046989,0.0497225582363145,-0.0983939365824539,0.0803423077730561,-0.0527261288371011,0.0380503251396982,-0.121115331376248,0.015663073702046,-2.77560655547851,-0.171870385179378,0.103395713525451,-0.357707178111124,0.013966407752368,7.88303208186502,1.1861968298495,1.08912663627766,1.065336583714,0.991014795985677,0.948639781989252
4,"2000-2010",6.49809360475629,3.89046146236753,0.198613579296346,1.97242527421637,5.15487548864429,2.21511557305537,0.0978913027611104,1.48832643363456,6.83518837181179,1.06240179796366,0.0217426116402767,1.03072877031916,121.8,30.4,0.00202105495059597,5.51361950083609,2199.6,131.226134850839,0.669084780329467,0.95957729146514,-1.05559761061044,2.39376717126938,-0.146048944177321,1.30874742571361,-2.49830723477297,2.20620934641833,-2.18952965243836,1.7255567690794,-5.29093419865726,0.911874893780546,0.0317451039382705,0.033852737940954,-0.0290996258517818,0.0925898337283229,0.00981774489718316,0.0506822467793672,-0.0812752596279463,0.100910749422313,-0.133913928830816,0.0968379459579745,-0.307964212902775,0.0401363552411437,0.189229382913408,0.0129264940935017,0.120523012408509,-0.203693802210726,0.229546790397729,9.25416108347596,1.6731319566539,1.29349602112024,1.03225435419886,1.00986609706148,0.874665344832433
5,"1950-1960",5.79999987035989,2.15509782032628,0.0664432649292039,1.46802514294759,4.50304941625721,2.85708135937045,0.202641112320207,1.69029031807274,5.0204179205718,3.40380147740315,0.235646300979831,1.84493942377606,120.1,114.766666666667,0.00771996979550145,10.7129205479489,1861.2,88.1212234330079,4.80517620632455,1.94177297008018,1.3151585928533,8.29519381979579,-2.77460786778975,2.01465720173433,-6.39562290276018,0.846407167180683,-3.70334909175845,1.58123404660027,-6.54535727638546,-0.861340907131441,0.242699237295397,0.0846211994547477,0.0906065461720166,0.394791928418777,-0.102948768553545,0.0586283964064936,-0.208323670388639,0.00242613328154832,-0.100780406127765,0.0531556036968739,-0.196318862999542,-0.00524194925598832,0.96557537186196,0.0349404637929288,0.243780333252831,-0.403214598606122,0.47309552619198,7.8469030504145,0.933333955270594,0.966092104962355,1.27468518869494,0.902173191935163,0.904131552836881
5,"2000-2010",5.56245300066948,3.64056105714356,0.32837927644772,1.90802543409242,4.12121536682085,2.81096911609426,0.186813126361724,1.67659449960158,5.93222117887993,1.52687478833808,0.0429666374435769,1.23566774997896,115.4,44.2666666666667,0.00354941969721884,6.65331997326648,2025.6,78.9123326940565,-0.567348054102302,1.21641965179065,-2.75366235321763,1.61896624501303,1.97043375559595,1.21784758094647,-0.21844701137189,4.15931452256379,-4.52214453489148,1.03331322238758,-6.37935513671403,-2.66493393306892,-0.0147863318887881,0.0363838343906114,-0.0801802913399856,0.0506076275624095,0.0791707771168237,0.0398933406860635,0.00746905719391122,0.150872497039736,-0.22787077608218,0.0619310578909705,-0.3391816688543,-0.116559883310061,6.78417021412413,0.449895895876814,0.388946608718658,-0.249171675895995,1.14896346764962,7.44929015607603,0.138089219170902,0.371603577984526,0.985322449099312,1.0823891535863,0.796227144778835
6,"1950-1960",8.13476544317382,1.70784909493141,0.0278838851681877,1.30684700517368,7.17826215839391,1.8144133632939,0.0417937977980398,1.34700161963299,7.52785229075578,2.62991127841458,0.0575332410866627,1.62170011975537,114.4,93.1555555555556,0.00719533523129682,9.65171257112206,2427.6,109.371535890369,3.65502986319708,2.26898378397114,-0.423095382522521,7.73315510891669,-2.81741145842889,2.32927462346704,-7.00389957406885,1.36907665721107,-4.57649495100812,1.34523474805739,-6.99433320363349,-2.15865669838274,0.255112791020685,0.155307690420963,-0.0240272441062437,0.534252826147614,-0.176368738778452,0.132785927173799,-0.415029607890527,0.0622921303336225,-0.257140702536757,0.0858360528717311,-0.411416892909734,-0.10286451216378,-17.4233449468059,-1.33510770799393,0.32231464750349,-1.91441528627406,-0.755800129713805,8.73958044981644,0.209627492074173,0.457850949626812,1.29060718156508,0.838308809372028,0.77325940655083
6,"2000-2010",8.17695294223086,3.07516050841721,0.066890643304495,1.7536135573202,6.89021337256178,1.80274436675611,0.040060964129237,1.34266316206117,8.52904079296764,1.11651398760774,0.0155996139093598,1.056652254816,99.7,33.5666666666667,0.00328804277937492,5.79367471184452,2270.4,93.3536182064335,-0.0786177328670262,1.16775632359907,-2.1774677016329,2.02023223589885,-1.50427306823649,1.42990043803149,-4.07428397637786,1.06573783990489,-4.34834829536134,1.18087251349856,-6.47077245867837,-2.22592413204431,-0.00286657822909823,0.0783799074839188,-0.143741573337217,0.138008416879021,-0.0959475000581989,0.0954398072444677,-0.267484859699032,0.0755898595826347,-0.371604407916166,0.0953200881655526,-0.542926592198952,-0.200282223633379,-0.98402678278618,-0.088349981684617,0.146114191921031,-0.350966215013614,0.174266251644381,8.16225788207545,1.0291630364301,1.01447673035418,0.997137526483177,0.908511711628674,0.689626999552226
7,"1950-1960",5.92681236752542,2.31033901998368,0.0665184515450929,1.51997994065175,4.96186414030142,2.73219051248781,0.144565543420285,1.65293391050211,5.35118840498178,3.71330148118514,0.18408320860055,1.92699285966117,120.2,95.0666666666667,0.00681709706922877,9.75021367287234,2358,84.6852070970131,1.49775694459293,2.20525186423256,-2.46582065531267,5.46133454449853,-0.60364723335636,2.07456759975116,-4.33234135724735,3.12504689053463,-4.06669017679267,1.06440634140599,-5.97978554717678,-2.15359480640856,0.0868495130588236,0.108938895698937,-0.108950238322873,0.282649264440521,-0.036255437326587,0.0756978338057411,-0.17230984603161,0.0997989713784365,-0.144441431395874,0.0449574333967186,-0.225245025239561,-0.0636378375521876,-1.7209882788511,-0.125941673249104,0.250548813570014,-0.576261966026465,0.324378619528258,7.57330628233631,0.790514343491181,0.889108735471191,1.09073252636559,0.964393919813293,0.865505602373666
7,"2000-2010",5.80064049534558,4.19056882552504,0.27600605452653,2.04708788905729,4.88072114694603,2.7447731321335,0.143233478677293,1.65673568565825,6.38000805411702,1.51941708166319,0.0399351053942421,1.23264637332172,116.7,63.5666666666667,0.00477076249599059,7.97287066662107,2346,92.6127874351448,-0.335445287818673,1.37188097669678,-2.80117575478474,2.1302851791474,1.44100184724636,1.62337162042541,-1.47674169733502,4.35874539182774,-5.53736515716707,1.18183156050372,-7.66151304977261,-3.41321726456153,-0.0107961088846178,0.0463255278163605,-0.0940586274816165,0.072466409712381,0.0717758359546675,0.0593251874850503,-0.034851433265565,0.1784031051749,-0.287926945981225,0.0676026521130696,-0.409431596744923,-0.166422295217526,4.11355736658299,0.258004249305907,0.298363377474034,-0.278254859582683,0.794263358194498,7.91841917784825,0.370209520969133,0.608448453830834,0.989261959938588,1.07441447197299,0.749816367337224
8,"1950-1960",7.17176546469855,1.50174426907556,0.0288937025009896,1.2254567593659,6.12443875199701,2.24005639036586,0.0748934153850705,1.49668179329003,6.41433592220219,3.30529540667756,0.115382892611487,1.8180471409393,125.3,61.7888888888889,0.00412230460892335,7.86059087403033,2355.6,140.893252688116,2.64228732119988,2.06649054248972,-1.07188962043458,6.35646426283435,-1.29569897562419,1.79947197684503,-4.52995395337154,1.93855600212315,-3.2170645192176,1.02129844278741,-5.0526805303889,-1.38144850804629,0.158579463608079,0.121204342247244,-0.0592654110451162,0.376424338261274,-0.0630352931191372,0.0798974619551926,-0.206637842846543,0.0805672566082684,-0.128317678392382,0.049068506686717,-0.216510250460322,-0.0401251063244423,-0.44747969159617,-0.0381375027199292,0.184238912281343,-0.369276651763765,0.293001646323907,9.65179010684632,1.4356511119689,1.19818659313518,1.17184503956046,0.938910336030022,0.879573913130132
8,"2000-2010",6.96243734437739,3.58295787042825,0.145028963141542,1.89287027300559,5.73282668345554,2.01898630792036,0.0662008185967267,1.42091037997488,7.42666376842736,0.969812018890341,0.0174462058710557,0.984790342606151,123.4,40.9333333333333,0.0028464295599995,6.39791632747204,2253.6,154.767852409898,-0.809989891677686,1.16019229265313,-2.89524475862838,1.27526497527301,0.433244327817905,1.58455435027293,-2.41473155667834,3.28122021231416,-5.21048329362967,1.37196739031948,-7.67636907487291,-2.74459751238643,-0.0252579920994212,0.0487194291172709,-0.112823154637716,0.0623071704388742,0.0287913469722939,0.0726016115856431,-0.101698111427073,0.159280805371661,-0.312944917139562,0.0902912826735096,-0.475228650474488,-0.150661183804635,0.94385749582509,0.0778582235968714,0.193765223554283,-0.270402903477484,0.426119350671227,10.0464675173794,0.912020287880226,0.954997532918398,0.975058322232028,1.0292098243237,0.731290193015132
9,"1950-1960",6.48610923002416,1.47539653479333,0.0334246973007265,1.21465901996953,5.49195108497479,2.26540586140204,0.0973935819209645,1.50512652670865,5.79456544425186,3.03965016130418,0.134365626420533,1.74345925140342,125.1,134.766666666667,0.00879260261415112,11.608904628201,2107.2,107.45299052822,-4.88515197593435,2.90426336413628,-10.1050878032295,0.334783851360821,4.31073330242622,2.26126487702407,0.246481522666392,8.37498508218605,-1.39380580982631,2.30199771569359,-5.53126816908939,2.74365654943678,-0.255175610525928,0.15729846952402,-0.537893743731909,0.0275425226800533,0.155897327583322,0.0908123749554316,-0.00732298344125859,0.319117638607904,-0.0628124450186097,0.0876730312529785,-0.220390301963789,0.0947654119265696,4.92050194068834,0.311140986707667,0.12493044531859,0.0865990544947157,0.535682918920619,8.38256432876412,2.51257653497936,1.58511089043617,0.774780426415471,1.16870620303937,0.939119593730447
9,"2000-2010",6.26118736005156,3.03526098193479,0.146553503979182,1.74220004073435,4.93722742587625,1.58274344849148,0.0738343072518402,1.25807132090811,6.41496706972906,0.734355561844624,0.0181958714899838,0.856945483589606,123,20.6666666666667,0.00138217427533126,4.54606056566195,2134.8,124.683746446954,-0.555319020934838,0.901421145032612,-2.17547530171226,1.06483725984259,-0.25577101927316,1.27436638424782,-2.54623504136576,2.03469300281944,-4.10334612769203,1.1887566736689,-6.23994077246383,-1.96675148292023,-0.0171073157348443,0.0337981730799167,-0.0778539741596901,0.0436393426900016,-0.00663391102964445,0.0483165831253755,-0.0934750241404862,0.0802072020811974,-0.211010858492377,0.0626850163079735,-0.323676867540039,-0.0983448494447145,0.736584773883196,0.0549567337837583,0.114567511748595,-0.150959529391776,0.260872996959293,9.19588689123011,1.09789363949706,1.04780419902626,0.983038183509002,0.993388044780338,0.809765274003483
10,"1950-1960",6.60790610230179,1.45132727453033,0.0343776984117926,1.20471045256955,5.37321364801526,2.39587395899675,0.110088264209544,1.54786109163476,5.76940970710922,3.03857248920628,0.107786094163193,1.74315016255235,122.2,78.4,0.00536933069787509,8.85437744847146,2510.4,99.3046924142081,2.12887980130363,2.48715170698512,-2.34136641105081,6.59912601365808,-1.24940414499684,1.97363600580602,-4.79669032570808,2.29788203571441,-4.33457054462863,0.936288395937932,-6.0173949754256,-2.65174611383165,0.112062486122967,0.133990881170733,-0.128764089659002,0.352889061904935,-0.0601877565823014,0.0751252252023188,-0.195212995480987,0.0748374823163843,-0.179956054605251,0.0466777608200181,-0.263851654106018,-0.0960604551044837,-2.47694845529904,-0.171840048265678,0.288343836992667,-0.690090680726969,0.346410584195613,8.22940304186496,0.551982800217497,0.742955449685576,1.11858275436087,0.941587727692845,0.835306918496983
10,"2000-2010",6.38732798223209,4.92446089341195,0.16490731526677,2.21911263648602,5.70481919615885,3.63503354298752,0.140097154302116,1.90657639316853,7.53944245443114,1.55682839616922,0.0269863401171214,1.24772929602908,112.6,55.6,0.00453960668035927,7.4565407529229,2314.8,97.3530306281032,-0.715086014886569,1.16077711018136,-2.80139199517834,1.37121996540521,2.32274265876397,1.11245569000001,0.323286485395764,4.32219883213219,-5.28274516655878,0.987815633079385,-7.05818133310865,-3.50730900000891,-0.0418085065190597,0.0567673760359501,-0.143838530259596,0.0602215172214761,0.112841606774899,0.0495858437820853,0.0237192063476415,0.201964007202157,-0.356739150664337,0.0715505630675048,-0.485339522184116,-0.228138779144557,2.8509347839571,0.200722831613599,0.208704139670334,-0.174388540661685,0.575834203888883,8.37251594189194,0.811620840119616,0.900900016716404,0.959053415466416,1.11945460487995,0.699955056734922
11,"1950-1960",6.64215610153624,2.52261797967811,0.063640337207488,1.58827515867941,5.76896339762366,2.44459163390484,0.0913913489987712,1.56351899058017,6.14795887897585,3.54164573204309,0.129386611409203,1.8819260697602,120.2,71.7333333333333,0.00494835733442982,8.46955331368386,2367.6,102.347112326851,2.98359290633002,1.56261960143849,0.175041125968916,5.79214468669113,-2.69125431412509,1.66210852026724,-5.67862106637407,0.296112438123897,-3.82241325119275,0.839895403160472,-5.33198712809276,-2.31283937429274,0.152147284769143,0.0826182860657108,0.00365450110853308,0.300640068429754,-0.118918221589352,0.0707134696574652,-0.246014055354113,0.00817761217541023,-0.152518101518211,0.043276680897817,-0.230300819123822,-0.0747353839125991,-3.92520115906676,-0.273303332486912,0.163861619256741,-0.567817648109676,0.0212109831358528,8.36009658733082,1.18800017928906,1.08995420972124,1.16433171213135,0.887880407241639,0.8585433528776
11,"2000-2010",6.66612485100049,3.61729239905831,0.157378467411044,1.90191808421349,5.4638733078246,2.18418359542392,0.0841696664635115,1.47789837114191,6.94174574647923,1.49268858036469,0.0348273714860041,1.22175635065454,113.6,230.044444444444,0.0237349511893675,15.1672161072639,2314.8,104.575489826158,-0.186009480345078,2.8187132786382,-5.25218309659765,4.88016413590749,-1.4576970460118,3.5916216882236,-7.91304643338541,4.99765234136181,-5.61869723831394,3.91382804665204,-12.6531595721621,1.41576509553418,-0.0272046185234053,0.136964587267333,-0.273375942025283,0.218966704978473,-0.0771753975230791,0.185752970253253,-0.41103581680355,0.256685021757392,-0.333221251641877,0.267036139314099,-0.813174801309985,0.146732298026231,7.41405490786114,0.548357781834669,0.112265540955658,0.346578932629169,0.75013663104017,8.24119336418207,2.66019393935271,1.63101009786963,0.973162094159671,0.925727469060869,0.71661162511587
12,"1950-1960",6.26798423489963,1.82382770411308,0.04640109823653,1.35049165273728,5.12115737345592,2.74005819912477,0.136259487929143,1.65531211531988,5.45928676322133,3.47502643704275,0.176785317967745,1.86414227918438,129.9,104.322222222222,0.00635427431831872,10.2138250534372,2061.6,126.473064032196,0.937418153063981,2.65331988005533,-3.83148802610905,5.70632433223701,-0.501524886270808,2.17432368299856,-4.40951416616037,3.40646439361875,-2.29055321376024,1.75975569889664,-5.4534247127399,0.872318285219416,0.0633906133909543,0.128901103595991,-0.168287924150596,0.295069150932505,-0.0310703292530392,0.0755548335509389,-0.166867718514657,0.104727060008578,-0.0813297577884892,0.0605484526613211,-0.190155645012429,0.027496129435451,3.25176701608822,0.203362984531999,0.169911947674266,-0.102025801520527,0.508751770584524,8.97620947678543,1.92836700392128,1.38865654642222,1.06544293423728,0.969407392980687,0.921889641026611
12,"2000-2010",6.02349986536428,3.46573644012159,0.213506120838741,1.86164884984295,4.69979989495128,2.2561512266071,0.113469473802259,1.50204900938921,6.45515559342094,1.02568001842337,0.0245313253450146,1.01275861804448,115.4,31.6,0.00249628630465964,5.62138772902208,2112,92.4918328413286,-0.883548364913064,1.02085586223426,-2.71836891031691,0.951272180490781,0.862683460359337,1.28753303697131,-1.45144545491259,3.17681237563127,-4.21477532435514,1.27693469274586,-6.50985545864681,-1.91969519006348,-0.022592975826553,0.0373855415979675,-0.0897873392647674,0.0446013876116614,0.0484188742956716,0.0495671784294849,-0.0406699782295705,0.137507726820914,-0.231751133836811,0.0775004364036732,-0.371045424296195,-0.0924568433774282,1.33556773026596,0.0777179336723243,0.19551648424917,-0.2736907965282,0.429126663872849,7.98446756346872,0.502225564610854,0.708678745702772,0.977660334189852,1.04961021799808,0.793143485323352
13,"1950-1960",7.17176546469855,1.50174426907556,0.0288937025009896,1.2254567593659,6.12443875199701,2.24005639036586,0.0748934153850705,1.49668179329003,6.41433592220219,3.30529540667756,0.115382892611487,1.8180471409393,119.4,82.0444444444445,0.00647323202070265,9.05783883961536,2355.6,107.825035258449,3.69775786449496,2.26272384458335,-0.36911616954373,7.76463189853365,-1.76025726831125,2.04717965876068,-5.43972607187577,1.91921153525328,-2.6935570129404,1.48184311748361,-5.35692634607382,-0.0301876798069745,0.249891121800395,0.142122532223988,-0.00555075960161586,0.505333003202407,-0.0882260386906613,0.0991518772936863,-0.266435233841532,0.0899831564602098,-0.115067568538514,0.0731963425443246,-0.246625958040052,0.0164908209630251,1.47148199510073,0.13952728910741,0.147825755192268,-0.126165197756489,0.40521977597131,8.56098367961484,2.42904353489806,1.55853891029325,1.28388562192257,0.915553902726739,0.891305917633931
13,"2000-2010",6.96243734437739,3.58295787042825,0.145028963141542,1.89287027300559,5.73282668345554,2.01898630792036,0.0662008185967267,1.42091037997488,7.42666376842736,0.969812018890341,0.0174462058710557,0.984790342606151,113.3,36.9,0.00298158130713307,6.07453701939498,2253.6,103.317159836818,-0.143449135971173,1.13347782680934,-2.18068914342703,1.89379087148468,0.619797726192017,1.49550782201092,-2.0681316663397,3.30772711872374,-4.38661137069561,1.53322582423556,-7.142332669973,-1.63089007141822,0.000163280827339833,0.0506933138650851,-0.090949614964524,0.0912761766192037,0.0422171485692149,0.0735324316189489,-0.0899453057783215,0.174379602916751,-0.283098754200034,0.106510863597014,-0.474534517137997,-0.0916629912620716,2.1513022266733,0.15913695103913,0.165290009535278,-0.137944661228411,0.456218563306672,8.50646755180111,0.854901866338346,0.924609034315773,1.00016329415838,1.04312096638451,0.753445378290046
14,"1950-1960",6.15217173748824,2.24567593829318,0.0672192794122018,1.49855795293114,5.31477137879014,2.38602237384841,0.115523634304895,1.54467549143774,5.63068020201334,3.3614419307883,0.149598167094645,1.83342355466169,131.5,69.8333333333333,0.00404162683076123,8.35663409114778,2395.2,128.196628423721,2.31970101729035,1.79289522203569,-0.902733325152181,5.54213535973288,0.507785346484759,1.90426598512271,-2.91481962907941,3.93039032204893,-1.94927429475264,1.45667191109107,-4.56740252348513,0.668853933979856,0.0889927191074739,0.0807823483537236,-0.0562002684128045,0.234185706627753,0.015399442858635,0.0659053662023156,-0.103054615577896,0.133853501295166,-0.057906729414864,0.0543867674935171,-0.155658000761639,0.0398445419319107,0.969188075977948,0.079115427310818,0.135767130185867,-0.164903663993947,0.323134518615584,9.20085463305454,2.47024373307938,1.57170090445968,1.09307269775252,1.01551862527385,0.943737966324282
14,"2000-2010",6.24407798543398,3.70144536648779,0.192989047212312,1.92391407461139,5.03625230288992,2.20547476972326,0.108032968346322,1.48508409516878,6.58391788562485,1.33494975190302,0.0339231142159552,1.15540025614633,125.1,34.7666666666667,0.00236084278754421,5.89632654003038,2397.6,144.682880745161,-0.846235192642525,1.04143009991101,-2.71803454709458,1.02556416180954,1.95167568497268,1.2224342315583,-0.245448832252673,4.14880020219804,-3.39421021234105,1.34734758994028,-5.81584595082053,-0.972574473861574,-0.0181024413579386,0.0385767771686523,-0.0874378548506873,0.05123297213481,0.0837981267630933,0.0430564433262761,0.00641124997701616,0.161185003549171,-0.166617174787016,0.0723123827862863,-0.296586791979593,-0.036647557594439,-1.32200301311126,-0.103221043176997,0.173021441351879,-0.414198632797738,0.207756546443744,9.6696772032207,0.84601988355815,0.919793391777822,0.982060423601768,1.08740935280395,0.846523619898991
15,"1950-1960",6.39328110709903,2.53533226513403,0.0621379155358012,1.59227267298476,5.26442741856276,3.08876710421924,0.138027793662146,1.75748886318498,5.66807364380048,3.78490093900144,0.166000661392007,1.94548218676025,128.6,58.9333333333333,0.00371731137330268,7.67680489092522,2058,131.242081582712,1.78662475962066,1.58322410343026,-1.05896022491833,4.63220974415964,-0.178010263951347,1.54305708309321,-2.95140163439797,2.59538110649527,-2.17675864646688,1.16363453708218,-4.26820038174481,-0.0853169111889458,0.0999951724700442,0.0789180954909576,-0.0418471270824493,0.241837472022538,-0.0181983080077943,0.0576632859855536,-0.121838582561571,0.0854419665459823,-0.0723917999988277,0.0463044005457143,-0.155616345800955,0.0108327458032996,-3.95992757979829,-0.302070534824369,0.193882690333257,-0.65054278911799,0.0464017194692516,9.18091914962918,0.86552665254394,0.930336848965976,1.10516558284281,0.981966281271629,0.930166385219605
15,"2000-2010",6.00535924076976,3.23388932510618,0.183792382580439,1.79830178921842,4.7042419238375,2.20198813833263,0.105047415106367,1.48390974736762,6.35584412023089,1.10511822682239,0.0289415801919587,1.05124603534206,119.6,27.8222222222222,0.00201122407587496,5.27467745196066,2145.6,113.156492174929,-0.715672667057955,1.00568038124832,-2.52321778080736,1.09187244669145,0.676524315228733,1.23376259950736,-1.54096108057681,2.89400971103428,-4.61008450232881,0.700259675714441,-5.86868612049128,-3.35148288416633,-0.0240211257298985,0.035996351629515,-0.0887186486347128,0.0406763971749159,0.030188571212651,0.0477421713864466,-0.0556201312522832,0.115997273677585,-0.233720123420511,0.0431095252285076,-0.311202406197195,-0.156237840643826,-0.672977410037978,-0.0518949931849098,0.188225880344741,-0.390200061715734,0.286410075345915,8.62769335554312,0.534488842160365,0.731087438108715,0.976265085227556,1.03064886633674,0.791583330530688
16,"1950-1960",6.07142173929315,2.36848733688295,0.066793863775624,1.53898906327594,4.71630617477558,2.96309706078217,0.173577660508978,1.72136488310357,5.19452447405726,3.54478018254348,0.225664835336556,1.88275866285179,122.4,102.711111111111,0.00711318832481883,10.134649037392,1885.2,97.8777252552752,1.29610968487114,2.28270123983883,-2.80667043210681,5.39888980184909,-2.43679284953191,1.89491001799611,-5.84258201265764,0.968996313593828,-3.86374000027789,1.32508608338404,-6.24536434134851,-1.48211565920727,0.0768125727732042,0.112135223271771,-0.12473205182462,0.278357197371028,-0.0791730226481655,0.0658706052134926,-0.197564603923296,0.0392185586269656,-0.110612992640593,0.0490991307215444,-0.198860606375396,-0.0223653789057897,0.253295659239903,0.0152029512920266,0.219775980014,-0.379808233375507,0.41021413595956,8.08866110952691,1.03093993570319,1.015352123996,1.07983966607059,0.923880058440967,0.895285163839321
16,"2000-2010",5.72632799700659,4.06691166850955,0.340776589044172,2.01665854038544,4.35780449196746,2.78972544990357,0.15615132887476,1.67024712240541,6.20151625482793,1.45901341569612,0.037527927304991,1.20789627687816,115.4,111.377777777778,0.00898805136009036,10.5535670641626,2007.6,93.2514655573163,-0.723146307616805,1.83246376612916,-4.0166986015158,2.57040598628219,3.02008335921488,1.9622492104779,-0.506736929309969,6.54690364773973,-7.40770534003007,1.63797265783523,-10.3516918483978,-4.46371883166229,-0.0302284155475494,0.0564152515458615,-0.131625553419614,0.0711687223245149,0.111817246810271,0.0750473024221938,-0.0230679387045658,0.246702432325107,-0.399293764274231,0.100042175348923,-0.579103123781024,-0.219484404767438,7.70392952612301,0.53237887290313,0.121700791737334,0.3136417119264,0.75111603387986,7.85637079213836,1.27332027635367,1.12841493979549,0.970223894014517,1.11830846752932,0.670793617206605
17,"1950-1960",6.90514047065808,1.80881043047884,0.0383787687116469,1.34492023201335,6.02316798131373,2.42277597984566,0.0869224724243811,1.55652689660207,6.25526215526596,3.33284117174256,0.12224915014629,1.82560706937242,125.8,82.1777777777778,0.00515441694000336,9.06519595914935,2366.4,121.769894932445,3.04095838097795,2.12674981226948,-0.781524689203354,6.86344145115926,-2.48500587064288,1.86224316857524,-5.8320817435889,0.862070002303139,-3.5793251232231,1.21683018331681,-5.76637728524992,-1.39227296119627,0.162207640422733,0.116185490465134,-0.0466166734394432,0.37103195428491,-0.106348242400048,0.0774508438403884,-0.245553398381803,0.0328569135817065,-0.129082624213487,0.0564589330727292,-0.230558272447216,-0.0276069759797578,1.0449074042627,0.0573933411838789,0.271713638900783,-0.430967244835063,0.545753927202821,8.94622560648788,0.667621008425325,0.817080784516027,1.17610442278868,0.899111484809344,0.878901344013194
17,"2000-2010",6.8963123458554,3.51934891059818,0.146902927371635,1.87599277999628,5.56844963398956,2.02077481440966,0.0732016059232695,1.42153959297997,7.23391787109622,1.07677269634777,0.0208807189157416,1.03767658562183,115.7,33.5666666666667,0.0026390590476455,5.79367471184452,2230.8,108.378687601743,-0.611824999741246,1.07024642034393,-2.53541695168846,1.31176695220597,1.10436804119924,1.3870454895284,-1.38861814396745,3.59735422636593,-4.59829344300257,1.11965943800297,-6.61069716883996,-2.58588971716518,-0.0219638100739863,0.0467469742094278,-0.105983809260942,0.0620561891129695,0.064974524855318,0.0630775707089885,-0.0483970361775136,0.17834608588815,-0.282887799908576,0.0761264227142841,-0.419712526700627,-0.146063073116526,-0.770543238928051,-0.0611788346972883,0.375399230806136,-0.73589722236898,0.613539552974404,8.52253206757108,0.171872873863682,0.414575534569616,0.978275638133554,1.06713183869993,0.75360433759196
18,"1950-1960",5.50759362689569,1.99499455708415,0.064929074923711,1.41244276240991,4.35396995099036,2.47125333456229,0.15380977643664,1.57202205282314,4.97478677405075,2.88216946744233,0.139448452554889,1.69769533999547,131.9,92.9888888888889,0.0053564928605421,9.64307465951026,2416.8,108.145792631175,3.12755475923098,2.14562054748173,-0.728845354438264,6.98395487290022,-0.554384373370342,2.15988680194636,-4.43642573353286,3.32765698679218,-4.81840336589273,1.06339632527041,-6.72968339835763,-2.90712333342783,0.136007747954365,0.0894423645684592,-0.0247501946806842,0.296765690589415,-0.0193225964100548,0.0656240004175944,-0.137270946115629,0.0986257532955198,-0.159461681482433,0.0402864187068254,-0.231869894510907,-0.0870534684539594,1.11022714049035,0.0532946117582801,0.260604421505272,-0.415098982763909,0.52168820628047,8.87090302752631,0.732608634147747,0.855925600825064,1.14569077032028,0.980862888352342,0.852602637239622
18,"2000-2010",5.06924988669343,4.36993613711391,0.283994529614398,2.09043922110017,4.73201873481085,3.26063749516558,0.183855572749494,1.80572353785555,6.09712281453835,1.91976274891669,0.0558195354298957,1.38555503279974,124.8,52.6222222222222,0.00352924873119832,7.2541176046589,2414.4,112.767643772608,-0.820781745128046,1.19206709936085,-2.96332633572308,1.32176284546699,2.04422145422974,1.22269112432265,-0.153364785496736,4.24180769395622,-4.74236641005628,0.78427955353182,-6.15197994257877,-3.33275287753378,-0.0314482249226146,0.037812333755868,-0.0994096770840296,0.0365132272388005,0.081046593886381,0.0397291086491993,0.00964005404383021,0.152453133728932,-0.218396761063081,0.0440580648606158,-0.297583887853016,-0.139209634273146,1.81456061321204,0.119078558064854,0.189496820350929,-0.221510816136925,0.459667932266633,8.87912883379407,0.975207675216245,0.987526037740902,0.969041127334285,1.08442142279821,0.803806459285552
19,"1950-1960",6.2620936100313,2.19529855746146,0.0560746110332972,1.48165399383981,5.14930858055615,2.57864188788773,0.118208965321838,1.60581502293624,5.57747528516978,3.53696008972813,0.168221494003843,1.88068075167694,116,177.111111111111,0.0143362799974714,13.3083098517848,2152.8,86.2236055558496,3.74442860048148,2.88653586181792,-1.44364495646218,8.93250215742515,-3.67432721911029,2.62638516228577,-8.39482267216956,1.04616823394898,-6.13648903816837,1.24588773916799,-8.37576737868652,-3.89721069765021,0.219797443225121,0.160994352413728,-0.0695634317334522,0.509158318183694,-0.158038374362202,0.109717249219854,-0.355237088207257,0.039160339482854,-0.22103273830167,0.0674232615937831,-0.342214964105476,-0.0998505124978648,2.5709593319746,0.172438635336141,0.279741687390695,-0.330351047731381,0.675228318403663,7.55911273426647,1.28758957274434,1.13472004157164,1.24582435486465,0.853817016656361,0.801690433877296
19,"2000-2010",6.01310924059653,3.69148741337392,0.214734120207826,1.92132439045933,4.78200110084341,2.25026377844993,0.103546154323235,1.50008792357313,6.40430313554119,1.07481132770243,0.0256445570785725,1.03673107781258,117.4,45.6,0.00337810449192663,6.75277720645365,2145.6,100.625978842037,0.129456997869176,1.24177217906049,-2.10242430010807,2.36133829584642,0.854181107871082,1.56263661883416,-1.95440125846044,3.66276347420261,-5.16578982507832,1.40270570206606,-7.6869226671556,-2.64465698300104,0.0180500852257571,0.0438830302998534,-0.060822445723449,0.0969226161749633,0.0404620152088556,0.0622364119763521,-0.0713977013200819,0.152321731737793,-0.285719302674155,0.0791299665856628,-0.427942405679833,-0.143496199668477,-3.3141067221198,-0.24478334857593,0.357532939575384,-0.887390015648197,0.397823318496338,8.20148368765029,0.214840265572212,0.463508646707062,1.01821397258939,1.04129175570144,0.751473522953321
20,"1950-1960",7.11903109087725,1.63400632777888,0.0330805680392038,1.27828256961396,6.09260735174232,2.20078752718501,0.0736231256551467,1.48350514902545,6.42343428265456,3.18835264711687,0.10781460842031,1.7855958801243,120.8,62.4,0.00431343562702807,7.8993670632526,2367.6,120.654755387067,2.77338526071356,1.95245617110433,-0.735833649879983,6.28260417130711,-3.03171209825404,1.54766794351673,-5.81339073211368,-0.250033464394394,-3.43761517574748,0.984507316017133,-5.20710518638926,-1.6681251651057,0.16784031514231,0.113038407887015,-0.0353276352840163,0.371008265568637,-0.142078247929861,0.06928367863043,-0.266604267434756,-0.0175522284249663,-0.138829255327417,0.0509096426721022,-0.230330966577331,-0.0473275440775035,-3.29778081275087,-0.232458204592126,0.219327510722166,-0.626663339452745,0.161746930268494,9.03172560457681,0.75823009126345,0.870764084734465,1.18274772866468,0.86755336957473,0.870376627943967
20,"2000-2010",6.96193734438857,3.34359782796008,0.129977535552456,1.82855074525157,5.65052040510199,1.92807611878551,0.0630600549249986,1.38855180630235,7.37228672046245,1.09251181542978,0.0206949785079986,1.04523290008963,120.8,18.6222222222222,0.00125866860599295,4.31534728871527,2282.4,143.272277699676,-0.409095451741315,0.821747915828044,-1.88605220428831,1.06786130080568,0.708670887033013,1.06982669186729,-1.21416667199653,2.63150844606256,-0.539249636052552,1.44717560336025,-3.14030981318778,2.06181054108268,-0.0150389413636232,0.0343830805523316,-0.0768368747894258,0.0467589920621795,0.0322733030081169,0.0486290472632179,-0.0551294130096821,0.119676019025916,-0.033022711285217,0.0864071041452465,-0.188325272420107,0.122279849849673,0.585403608687526,0.0552256305428264,0.0933755596547442,-0.112601583495144,0.223052844580797,9.78317720068378,1.66017245468959,1.2884767963334,0.98507357874773,1.03279973401047,0.967516585794374
21,"1950-1960",6.18548423674365,2.19722694414826,0.060646987435723,1.48230460572322,5.17560954615186,2.81791809436266,0.140885547218062,1.67866556954107,5.56853266241884,3.51027393076403,0.14662153913036,1.87357250480573,125.3,174.011111111111,0.0101899042178291,13.1913271171293,2418,97.8782502555361,4.87075980924317,2.63323667692133,0.137949885272262,9.60356973321408,-3.62561022808342,2.46491904771811,-8.0558968912878,0.804676435120963,-5.66953052506162,1.475989922717,-8.32237970308664,-3.0166813470366,0.206668169890021,0.125154017364549,-0.0182755963119178,0.43161193609196,-0.117213702144155,0.0855778024007331,-0.271025729761569,0.0365983254732594,-0.204846162668035,0.0586686170274488,-0.310293354455518,-0.0993989708805517,2.03065573878498,0.114092149289909,0.265805393713225,-0.36364933754133,0.591833636121148,8.2797485742384,1.21887799808672,1.10402807848656,1.22957449423864,0.889395107211835,0.814772649221249
21,"2000-2010",6.10673423850385,4.20844482841516,0.195697820947911,2.05144944573713,5.1213914314217,2.88969979841551,0.140103027332701,1.69991170312329,6.71372935813317,1.55211674845068,0.0365357952173223,1.2458397763961,120.7,41.5666666666667,0.00307525434811582,6.44722162382112,2356.8,126.549901191146,-1.21123314668587,1.02529753657051,-3.05403687133139,0.631570577959648,1.27597349537466,1.26275074132234,-0.993613318606406,3.54556030935574,-3.20810777744028,1.43564776217756,-5.78844855565874,-0.627766999221817,-0.0427814385951094,0.0416594060845506,-0.117657370664464,0.0320944934742455,0.0704899651263865,0.0460721094133657,-0.0123170755627118,0.153297005815485,-0.179186139452776,0.0806716535418321,-0.324180171251055,-0.034192107654497,1.7292156229988,0.130413881320775,0.127219904654714,-0.0982429775759436,0.359070740217494,9.016580443625,1.75920808877542,1.32635141978867,0.958120775407148,1.0730338016181,0.835950281586215
22,"1950-1960",6.05620298963331,1.86410546164411,0.0530180044294469,1.36532247533105,5.11901872616072,2.40322974387041,0.120153396600838,1.55023538337583,5.43307364905314,3.39996800807707,0.168222464151977,1.84390021641006,130.4,53.3777777777778,0.00316985170554031,7.30600970282532,2354.4,113.503386260145,0.594027462042693,1.88021468729969,-2.78534926061932,3.97340418470471,-1.73040516120394,1.54986083994373,-4.51602516579676,1.05521484338888,-1.98039199620714,1.21333948615156,-4.16117020408088,0.200386211666593,0.024722170595285,0.0860065597786982,-0.12986047790524,0.17930481909581,-0.0660878551653419,0.0524572473674778,-0.160371131370982,0.0281954210402984,-0.0725604851599251,0.0411979806652976,-0.146607080913804,0.00148611059395419,1.94593947899821,0.120441400178489,0.0970493003882142,-0.0539887587272367,0.294871559084216,8.61216109782578,2.36721579890608,1.53857589962474,1.0250302974028,0.936048623972426,0.930009493186118
22,"2000-2010",6.00968736567302,3.61282105160195,0.230989471083637,1.90074223702267,4.87182718579216,2.07770631386578,0.107591905562232,1.44142509825026,6.44895887224798,1.0598537614088,0.0277218028082106,1.02949199191096,120.8,78.6222222222222,0.00572065935798559,8.86691728969106,2341.2,110.901549926471,-1.04103106408879,1.60772577066022,-3.9306537664813,1.84859163830372,1.8487877451227,2.07433295242104,-1.87948463877721,5.57706012902262,-5.11498193926004,2.44997708549319,-9.51841288238369,-0.71155099613638,-0.0298303671435953,0.0546306200128498,-0.128019923295377,0.0683591890081869,0.0893551282247429,0.0751545408205603,-0.0457228006771457,0.224433057126632,-0.257411232410347,0.13233434421173,-0.495260455405264,-0.0195620094154293,3.59981009658464,0.207658992801227,0.110187660854604,0.00961479139600985,0.405703194206445,8.50548368085536,2.17520927956712,1.47485907108683,0.970610166959572,1.09346890905498,0.773050245074813
23,"1950-1960",6.2620936100313,2.19529855746146,0.0560746110332972,1.48165399383981,5.14930858055615,2.57864188788773,0.118208965321838,1.60581502293624,5.57747528516978,3.53696008972813,0.168221494003843,1.88068075167694,135.6,76.9333333333333,0.00416744489813221,8.77116487892762,2152.8,162.756290376872,0.57694789806684,2.08301821447374,-3.16693481619022,4.3208306123239,1.65684806899524,1.84016578659586,-1.65054734019182,4.96424347818231,0.334443282326312,1.64466585603733,-2.62157314919711,3.29045971384973,0.0365523178753927,0.0955141140964638,-0.135118596113072,0.208223231863858,0.0458678811007738,0.0643729703503015,-0.0698319477750694,0.161567709976617,0.0165108235259322,0.0553409324847181,-0.0829554024920426,0.115977049543907,2.90036284129786,0.227261617196375,0.0921540470475468,0.0616298712073903,0.392893363185359,10.1457739667727,3.80731739714845,1.95123483905666,1.03722856819323,1.0469360817765,1.0166478804412
23,"2000-2010",6.01310924059653,3.69148741337392,0.214734120207826,1.92132439045933,4.78200110084341,2.25026377844993,0.103546154323235,1.50008792357313,6.40430313554119,1.07481132770243,0.0256445570785725,1.03673107781258,124.9,46.1,0.00321790788893373,6.78969807870718,2145.6,142.381489382031,-1.48447338279326,1.1338281287827,-3.52234300044345,0.553396234856935,1.63375743712113,1.49236908114877,-1.0485305848375,4.31604545907976,-4.52858307425615,1.67269184530721,-7.53497161296923,-1.52219453554308,-0.0375287745905625,0.041196383931397,-0.111572500477818,0.0365149512966933,0.0761338408388004,0.0562146304378115,-0.0249027135811728,0.177170395258774,-0.234321662239324,0.0939244937784022,-0.403135495099228,-0.0655078293794207,1.2778687543564,0.111544309823069,0.214160812905135,-0.27337453531019,0.496463154956329,9.51732236791642,0.760049655004494,0.871808267341217,0.963166702594567,1.0791069930776,0.791107305617134
24,"1950-1960",5.55290612588287,1.62855544586109,0.0523732591134721,1.27614867702047,4.03347986153552,2.98731789171449,0.275288388611716,1.72838592094315,4.50454907964335,3.52469179389567,0.315091335326606,1.87741625482887,128.8,53.5111111111111,0.00340811399540464,7.31512891965077,1938,104.711339890345,0.345037796111133,2.02296104729999,-3.29090203580015,3.98097762802242,-0.565477929029501,1.48294452048131,-3.23082685293936,2.09987099488036,-1.83580232159447,1.21509332452135,-4.01973276554113,0.3481281223522,0.0351529253632753,0.0893293231142221,-0.125401843846035,0.195707694572585,-0.0217278110064393,0.0385811824804903,-0.0910711423228185,0.0476155203099399,-0.0404122376629393,0.033880533387341,-0.101306925197259,0.0204824498713807,-11.7942025713392,-0.752692345679447,0.205829174688973,-1.12263644115272,-0.382748250206172,8.16803207549477,0.248702768394202,0.498701081204164,1.03577809343001,0.978506537516905,0.96039344718636
24,"2000-2010",5.10710926084721,4.56735073576492,0.624752590055474,2.13713610604587,3.9311612647887,3.20280689439433,0.272726072845703,1.78963876086609,5.97734412869103,0.992777945705659,0.0245369907887224,0.996382429444468,120.2,36.8444444444444,0.00258505237159961,6.06996247471469,2094,103.384517786424,0.0990385381063964,1.00356299598915,-1.70470092381715,1.90277800002994,-0.35348510348042,1.19262559936563,-2.49703350599572,1.79006329903489,-5.04891515777891,1.20524522749017,-7.21514526670826,-2.88268504884955,0.00294839024327544,0.0227184636670844,-0.0378843124314648,0.0437810929180157,-0.00736144616505485,0.0343226896062757,-0.0690508367958569,0.0543279444657472,-0.271056049743591,0.0631287318274102,-0.384519564473981,-0.157592535013202,-0.00430194847735721,-0.00581456645020639,0.197112350769801,-0.360091604301301,0.348462471400889,8.35808045834363,0.567384796291605,0.753249491398172,1.00295274102067,0.992665582914727,0.762573753143869
25,"1950-1960",6.61587485212367,1.98812459211348,0.0505966117235177,1.41000872058065,5.68694141878067,2.64395717690133,0.113676217315901,1.62602496195518,5.87669658995707,3.22609942735785,0.12027125882045,1.79613457941153,127.2,68.6222222222222,0.0043734138438646,8.28385310240484,2440.8,116.060325903267,0.722403988292136,2.06137665523528,-2.9825815819172,4.42738955850147,-1.00134518538516,1.76605740365746,-4.17554296243596,2.17285259166565,-3.78656123815692,0.930920981977604,-5.45973862496421,-2.11338385134962,0.0296933162492023,0.10341373131125,-0.156175860689718,0.215562493188123,-0.0462620614234576,0.0673909959672188,-0.167386295069192,0.0748621722222769,-0.15019258400707,0.0415408008131522,-0.224855342604238,-0.0755298254099026,2.86434594776605,0.183880887278664,0.273999482882408,-0.308588127418832,0.676349901976161,8.70329012804694,0.5672709261961,0.753173901696082,1.03013855874672,0.954791715326098,0.860542233794243
25,"2000-2010",6.7656248487765,3.93899459930384,0.1502638637113,1.98469005119284,5.47333586799957,2.68459155815828,0.110753660831231,1.63847232450178,7.19133590483488,1.35907183456859,0.0270340367783051,1.16579236340293,117.6,48.2666666666667,0.00363329775701952,6.94742158406028,2336.4,109.441989658811,-0.627186961954219,1.21758913231237,-2.8156032100009,1.56122928609247,0.801253121041379,1.47212179301864,-1.84464372991633,3.44714997199909,-5.23612724800638,1.0060694073634,-7.04437157222718,-3.42788292378558,-0.0195252210707702,0.0545415173561551,-0.11755462984896,0.0785041877074194,0.0424804487274482,0.0622501279030672,-0.0694039199243472,0.154364817379244,-0.313483239937517,0.0671987889897569,-0.434262013147294,-0.19270446672774,-1.45831316183525,-0.107113218082314,0.293814878766179,-0.635197148487186,0.420970712322558,8.6152901300139,0.387087373145608,0.622163461757123,0.980664161476544,1.0433956564614,0.730896628774117
26,"1950-1960",7.1449060902989,1.97625285327787,0.0399505938154419,1.4057926067802,6.2930988931547,2.44724191978882,0.0784893022784677,1.5643662997485,6.52656542789038,3.29356274274507,0.105823673076582,1.8148175508147,125.9,70.5444444444445,0.00464722471671458,8.39907402303638,2370,135.704398117557,1.13530650893524,2.07385936011362,-2.59211467066841,4.8627276885389,0.0949749691701167,1.89792918226363,-3.31624064526273,3.50619058360296,-2.3183405351241,1.41616484821671,-4.86366397921916,0.226982908970954,0.0737143576964834,0.117734069983313,-0.13789327320511,0.285321988598077,-0.0151643906925997,0.0858621168218958,-0.169487426730108,0.139158645344908,-0.101144011841899,0.0648890226161238,-0.217771359807225,0.0154833361234275,0.919449933265519,0.0457418220532386,0.287971076359229,-0.471838834465265,0.563322478571742,9.4357739826424,0.557813634446375,0.746869221782753,1.07649926784483,0.984950009679274,0.903802865197914
26,"2000-2010",7.11493734096875,3.16416409032167,0.117836984098769,1.77880973977592,5.75555228681232,1.85455837496499,0.0616500478170089,1.36182171188632,7.41581950637466,1.1381874539714,0.0216943651359293,1.06685868509911,115.8,43.5111111111111,0.00340774840336612,6.59629525651415,2264.4,114.763289366588,-1.09939293449047,1.25212586555343,-3.3498832814047,1.15109741242377,2.09366557904027,1.54427469327288,-0.68191424548357,4.86924540356411,-2.87586152568454,1.93513058967825,-6.3539405526396,0.602217501270516,-0.0449462621839538,0.0579859992201395,-0.149166560710748,0.0592740363428409,0.11436263299501,0.0726265013664864,-0.0161715606926094,0.24489682668263,-0.168442255383034,0.126840003866229,-0.396416305082377,0.0595317943163095,6.88633894466389,0.536866195064341,0.325848352455304,-0.0487926367931442,1.12252502692183,8.77577399739455,0.230315736033139,0.479912217007589,0.956048856430286,1.12115862028373,0.844980055059819
27,"1950-1960",6.26548423495551,2.43718828867289,0.0647277547353881,1.56114966888921,5.30021026800449,2.60842506731206,0.120787277801381,1.61506193915653,5.72115560982712,3.84939255008123,0.173788810714638,1.9619868883561,126.9,79.6555555555556,0.00514514630335397,8.92499610955409,2239.2,128.026458280033,0.606994276482139,2.00981777251419,-3.00532268024862,4.2193112332129,-1.46531912708273,1.88383375706041,-4.85120053252894,1.92056227836349,-2.81276814855832,1.2639894659512,-5.08458136636701,-0.540954930749619,0.0373541717711784,0.0988013750987259,-0.140225053319948,0.214933396862305,-0.0565461519437244,0.0701777115192521,-0.182679048553764,0.0695867446663158,-0.0956365206055784,0.050570984377462,-0.186529549258992,-0.00474349195216484,0.620135514419214,0.0572055158664979,0.271701971801332,-0.431134100459689,0.545545132192685,9.1214836670867,0.730999879450337,0.854985309493875,1.03806060750385,0.94502286884642,0.908794284038285
27,"2000-2010",6.04281236493262,3.31803933192382,0.197045947493544,1.82154860816938,4.90143225759421,1.92146568852222,0.0974805108327382,1.38616942994795,6.33168018634477,1.12155138055641,0.0327992603615572,1.05903322920313,121.3,32.9,0.00236569933193658,5.73585215987999,2271.6,109.343471153777,-0.888529858302515,1.06805951179759,-2.8081912017474,1.03113148514237,1.63728966002831,1.34357863507735,-0.77757200184248,4.05215132189911,-3.63636048157678,1.41912163064288,-6.18699825587702,-1.08572270727654,-0.026135170708322,0.0376211023090634,-0.0937529157897224,0.0414825743730784,0.0720421299528587,0.048834369804914,-0.0157296195709184,0.159813879476636,-0.167378991965477,0.0742553694459001,-0.300840808178886,-0.0339171757520684,-0.782283738696845,-0.0645443483916468,0.175874721561749,-0.38065024000343,0.251561543220137,8.52787077712916,0.675702893831171,0.822011492517697,0.97420339694524,1.07470062019653,0.845878969247527
28,"1950-1960",5.95198424196278,2.12917762318856,0.0599111396249708,1.4591701830796,4.98597839097016,2.63200767731059,0.142287726654184,1.6223463493689,5.3658113554746,3.64037148982026,0.183600104156488,1.90797575713641,130.6,84.0444444444445,0.00514543355037817,9.16757571250134,2359.2,118.494556230494,0.497794230916923,2.21429804559348,-3.48204239245368,4.47763085428752,-0.826112427277757,1.97639902726269,-4.37836468471309,2.72613983015758,-1.6459603056037,1.59599465770864,-4.51449826150035,1.22257765029294,0.041923980890208,0.102546819203825,-0.142387064088456,0.226235025868872,-0.0487200545440159,0.0649889706345753,-0.165527042637309,0.0680869335492771,-0.0497346861890491,0.0565151332536609,-0.151311345006587,0.0518419726284887,2.312563723692,0.134936660183201,0.388500590702262,-0.563329267547213,0.833202587913616,8.84301593137544,0.319361918027722,0.565121153406702,1.0428152018542,0.952447725793479,0.951481832286572
28,"2000-2010",5.74714049654139,3.67686992596313,0.267977392886788,1.91751660382984,4.85635351464044,2.42238479995618,0.134631621901071,1.55640123360147,6.31436051460074,1.1887671372787,0.0327095069296015,1.09030598332702,119.5,44.0555555555556,0.00329417056936533,6.63743591724663,2371.2,99.1372328791527,-0.924569691588617,1.17935260492763,-3.04426206917932,1.19512268600209,2.39280105072586,1.2480662962291,0.149607112126793,4.63599498932493,-4.74277914190636,1.3493478054592,-7.1680099388707,-2.31754834494201,-0.0209568467012346,0.0384927408031848,-0.0901412186457833,0.0482275252433142,0.0929648172538108,0.0444769220995699,0.0130248634526834,0.172904771054938,-0.227169041548496,0.0783454754119971,-0.367982150669259,-0.0863559324277328,-0.575583723994524,-0.0389015296942844,0.364571176117307,-0.6941582696008,0.616355210212232,8.16166110789523,0.211146094445877,0.459506359527131,0.979261222009762,1.09742312422962,0.796786080952455
29,"1950-1960",7.71515607755282,1.42142645012916,0.0246422713160225,1.19223590372424,6.77013680519739,2.24707779871573,0.059719634743806,1.4990256164308,6.91477033724611,2.84984725353295,0.075391941062045,1.68814906140807,127.3,50.2333333333333,0.00338440573446811,7.08754776585903,2425.2,142.174538721487,0.00586265518438758,2.10178649815601,-3.77175296278234,3.78347827315112,-0.161140285671956,1.67066578700494,-3.16388731774661,2.8416067464027,-0.531638106551463,1.47241454013184,-3.17806112230655,2.11478490920363,0.0160129067776869,0.130903139529431,-0.219263961144484,0.251289774699858,-0.0165866830054035,0.0839616404453017,-0.167493925265524,0.134320559254717,-0.0285556048259969,0.0742254952599134,-0.16196372710253,0.104852517450537,-0.0194254426819121,-0.0109626407061149,0.152602106478993,-0.285239833596749,0.26331455218452,9.67270946121745,1.78644619600971,1.33658003726291,1.01614180043777,0.983550118615149,0.971848253190667
29,"2000-2010",7.72821857726085,3.57302184114151,0.0935119661034871,1.89024385758597,6.43064357607068,2.0238411704814,0.052675354313652,1.42261771761827,8.2278932587152,1.06308671835467,0.0150222242890194,1.03106096733155,113.2,48.4,0.00390218474782669,6.95701085237043,2222.4,123.636315813533,-1.35795416520577,1.2094377528206,-3.53171964900828,0.815811318596739,2.4111820961441,1.50420747633899,-0.292383494493113,5.11474768678132,-4.14285395562899,1.88296845354971,-7.52718012030304,-0.758527790954927,-0.0642830671577221,0.068553759025235,-0.187497176198417,0.0589310418829731,0.138602819410439,0.0828169321783535,-0.0102469979727809,0.287452636793659,-0.312579911142492,0.142326465574619,-0.568388329207976,-0.0567714930770068,2.4344743298171,0.181620413257945,0.210880942876489,-0.197403404832376,0.560644231348266,9.13246753780893,0.788725742576808,0.888102326636299,0.937739518697808,1.14866778084264,0.731557167041778
30,"1950-1960",5.25557800752868,2.31674109136633,0.0828046583231601,1.52208445605568,3.94108904234458,3.31842175047468,0.324256110883132,1.82165357586855,4.42908186821542,3.79806503490733,0.314494743414492,1.94886249769124,130,43.3333333333333,0.00255023172972507,6.58280588604383,1936.8,98.6629845385915,1.0953484796489,1.47921629524646,-1.56329957246127,3.75399653175907,-0.504100722866231,1.26512346033347,-2.77795210910588,1.76975066337342,-1.0506787857015,1.13497756042975,-3.09061431772763,0.989256746324632,0.0543386688242466,0.0589973267241438,-0.0516993245908525,0.160376662239346,-0.0265242403407647,0.0299193360368375,-0.0802993270068523,0.0272508463253228,-0.0139276223464405,0.0314543355471393,-0.070461618220849,0.0426063735279681,-0.697485735682473,-0.0213968805813667,0.0975728996265595,-0.196768123018681,0.153974361855948,8.02367724001168,1.91725502933425,1.38464978580659,1.05584212242137,0.973824437713211,0.986168918272207
30,"2000-2010",4.95410926426703,4.18414324855534,0.500786647533595,2.04551784361695,3.69921634243684,3.1438652912552,0.301206873942344,1.77309483425315,5.58324577684407,1.32731735265031,0.0399959719307673,1.15209259725523,127.3,32.0111111111111,0.00204988022143745,5.65783625700772,2022,141.773770290623,-0.667458328054626,0.949017690921845,-2.37316157341203,1.03824491730278,0.906666622367542,1.08166786823338,-1.03745350404688,2.85078674878196,-4.28602417596906,0.847580846126668,-5.80941137282596,-2.76263697911216,-0.0100142112985567,0.022341206363139,-0.0501688560046943,0.0301404334075808,0.0273440219977553,0.0275178586833547,-0.0221148040183238,0.0768028480138344,-0.189929404251358,0.0435588511650575,-0.268219276512968,-0.111639531989749,-1.14970271186754,-0.0839966549812301,0.144941707239993,-0.344505539896483,0.176512229934023,9.52054817429593,1.04315884572465,1.02135148001295,0.99003576395537,1.02772130068947,0.827017515803251
31,"1950-1960",5.97462486645673,1.96288493937894,0.0556214550254355,1.40102995663153,4.67826487127804,2.87656969344004,0.173847481800014,1.69604530996081,5.09644250903645,3.2729975950335,0.172612996148175,1.80914277906237,137,66.6666666666667,0.0036984988967104,8.16496580927726,2055.6,146.855547460443,-0.171242062112688,2.05955973111389,-3.87296200998423,3.53047788575886,-1.68250425183606,1.59471516793912,-4.54874253526806,1.18373403159595,-2.33163593550074,1.36620650946049,-4.78716748070466,0.123895609703179,-0.00582374407859187,0.0911456180188372,-0.169643004711996,0.157995516554812,-0.0515277054234965,0.048243243363017,-0.138237002371304,0.0351815915243114,-0.0740642735470692,0.044638858130705,-0.15429528073581,0.00616673364167132,2.44680010695775,0.175545404702606,0.133570677380187,-0.0645259238631063,0.415616733268317,9.66674171941535,1.81114315987268,1.34578718966733,0.994193181047148,0.949777335614366,0.928612006735633
31,"2000-2010",5.62434362428612,3.6140730252873,0.22552200001225,1.90107154659873,4.37128999891241,2.60007220568687,0.154517676281812,1.61247393953728,6.19426215662942,1.04204487563023,0.0258389769821187,1.02080599313985,120.8,17.2888888888889,0.00126167229506745,4.15799096787005,2122.8,115.054123162142,-0.614992670870541,0.742087643779755,-1.94877318354488,0.718787841803803,0.580987423744982,0.888245574157945,-1.01548793494286,2.17746278243283,-2.33464517958822,1.18008163044563,-4.45564786066842,-0.213642498508027,-0.0165030247320679,0.0257926914679237,-0.0628611463605538,0.0298550968964181,0.0309007453827591,0.0300216036304212,-0.0230581504661701,0.0848596412316884,-0.128553900980453,0.0635434446709835,-0.242762793852832,-0.0143450081080742,0.234668795382568,0.0166866161968957,0.105682467524633,-0.173260241020322,0.206633473414114,8.71708045031935,1.14580764013001,1.07042404687582,0.983632404161697,1.03138312926831,0.879366162442642
32,"1950-1960",5.53267175133515,1.85134855249217,0.0585669685226771,1.36064269832024,4.12154097067831,2.9714396341685,0.246782083179485,1.72378642359444,4.63098350304683,3.58721174653394,0.297424714737518,1.89399359727902,132.2,105.288888888889,0.00622442494065801,10.2610374177706,1933.2,122.350372812677,0.488840346914672,2.66065057208257,-4.29324154573681,5.27092223956616,-1.44456543267976,2.04165556209108,-5.11410558084919,2.22497471548967,-1.86089343646258,1.79889734177847,-5.09411560216932,1.37232872924418,0.0335630043894751,0.114647441795656,-0.172496919902157,0.239622928681108,-0.0508119845554953,0.0531983267248032,-0.146427229044708,0.0448032599337175,-0.0371801132840753,0.049428448181937,-0.126019621001802,0.0516593944336513,5.76698938344202,0.359060330146268,0.306281257658096,-0.191429866376935,0.909550526669472,8.76577399761806,0.608687409487419,0.780184215097575,1.03413259656668,0.950457354396207,0.963502580105802
32,"2000-2010",5.03035926256271,4.02290870172663,0.545689617703427,2.00571899869514,3.80631585695119,2.55437709703124,0.216574908144064,1.59824187688574,5.67280315189149,0.913552555237343,0.0263171539352438,0.95579943253663,117.4,36.0444444444444,0.00271750627065717,6.00370256129036,2068.8,87.8767667645673,-1.45468608599762,0.924911156159553,-3.11706179913756,0.207689627142315,2.14632322120269,1.08996281350492,0.18729429466254,4.10535214774284,-3.08598093191585,1.93429482228881,-6.56255780441988,0.390595940588172,-0.0250362310968434,0.0233268508764708,-0.066962409738798,0.0168899475451112,0.0751542463225117,0.0293672645867747,0.0223714173066758,0.127937075338348,-0.153034221517973,0.0999002073020465,-0.332588416805373,0.0265199737694275,2.15114334747027,0.139653138312342,0.156940732364608,-0.142422021174991,0.421728297799675,7.70591918259799,0.738052106271154,0.859099590426601,0.975274576120591,1.07805042337413,0.858100355812173
33,"1950-1960",6.35206235802034,1.28130251325082,0.0310908432584754,1.13194633850321,5.35460446968724,2.17286605464514,0.101841183483793,1.47406446760145,5.63600807074671,2.79698188555073,0.12821854047519,1.67241797573176,137,49.5555555555556,0.00262608325972337,7.03957069398096,2113.2,150.239599434521,-1.9103959126452,2.09243605226525,-5.67120564168702,1.85041381639663,1.14723410430419,1.63899334325565,-1.79858691826785,4.09305512687623,-0.220534351864137,1.48613908195712,-2.89162497472112,2.45055627099285,-0.0801968374983896,0.0987631714956336,-0.257707397895062,0.0973137228982825,0.0263510499626103,0.0560041137042655,-0.0743071352456546,0.127009235170875,-0.00892105236783563,0.0504996554247112,-0.0996858789578326,0.0818437742221614,-0.415348595685937,-0.0260164981622676,0.151333435794972,-0.29801346411538,0.245980467790845,9.9109513913762,1.5247804003883,1.23481998703791,0.922934660356189,1.02670130867355,0.991118622152691
33,"2000-2010",6.2247186108667,3.06487478594948,0.143146741664346,1.7506783787862,4.86803394916197,1.62882358333042,0.0806703942680381,1.27625372999667,6.4520408393922,0.796263032053349,0.0196599406613291,0.892335717122961,120.6,54.4888888888889,0.00396002541579699,7.38165895235542,2176.8,112.069574264548,-2.24948123483779,1.26086965299894,-4.51568710187898,0.0167246322033927,1.99135718538822,1.91987651465553,-1.45930515005511,5.44201952083156,-6.51151166615397,1.80384940490426,-9.75363435102456,-3.26938898128338,-0.0698306511477354,0.0533710802347906,-0.165756391663999,0.0260950893685287,0.0946745787362103,0.070821677389827,-0.0326157406340653,0.221964898106486,-0.343766891188285,0.102011296457716,-0.527115422090826,-0.160418360285744,4.43365048200929,0.342189153110107,0.168141571438393,0.0399823272253609,0.644395978994853,8.60266109803811,0.943638512851324,0.971410578927018,0.93255173310004,1.0993010609718,0.709094204892515
34,"1950-1960",6.57242172809492,1.59675491044458,0.038671726432815,1.26362767872684,5.51424649510447,1.90319176751734,0.0733262310177477,1.37956216515144,5.96786052234563,2.51775524808837,0.0830790112734969,1.58674359872299,131.4,128.933333333333,0.00748997128481603,11.3548814759703,2542.8,135.508062114119,6.17599160269405,2.30771073779814,2.028261025633,10.3237221797551,-2.30751840722801,2.79332246603089,-7.32805621302012,2.71301939856409,-6.22021525937069,1.25092763248703,-8.46855197938249,-3.9718785393589,0.300528780265257,0.113667971439752,0.0962292928767286,0.504828267653786,-0.0974599407794498,0.107614720653839,-0.290879705261586,0.095959823702687,-0.254613470430974,0.0562658603561228,-0.355742102204994,-0.153484838656955,3.47302159940678,0.28498249601828,0.199226997112282,-0.0730952709063154,0.643060262942876,9.71835462148751,1.85004010575785,1.36016179396344,1.35057277502365,0.907138680096406,0.775216083996769
34,"2000-2010",6.42826548131707,4.62715529146817,0.156214800421431,2.15108235348351,5.78868803486395,2.81501497879318,0.0934496739560845,1.67780063738013,7.32640147558643,1.88580835645446,0.0367287526933287,1.37324737627802,116.9,66.9888888888889,0.00499723235672604,8.18467402459554,2470.8,108.150966842192,-0.662720805997176,1.32467631179731,-3.04360865002245,1.7181670380281,1.81133767732766,1.6014074982656,-1.06692896939629,4.68960432405161,-4.9146684030429,1.19209234018591,-7.05725835987044,-2.77207844621535,-0.0311195199075513,0.0622706482528136,-0.143040770513701,0.0808017306985988,0.106317252265991,0.0726048896680315,-0.0241780979474297,0.236812602479411,-0.298604934205156,0.0765611421573345,-0.436210997711921,-0.16099887069839,0.0686550092337343,0.00660079583392504,0.240273773974457,-0.425251802872008,0.438453394539859,8.78141915855869,0.770252889604479,0.877640524135297,0.969359708369366,1.11217466047403,0.741852432070322
35,"1950-1960",6.79717172307137,2.17346750510622,0.0494027273834503,1.47426846439386,5.82432813068568,2.41041505399421,0.0897408699963188,1.5525511437612,6.21854904133246,3.41765919364591,0.123648963329925,1.84869121100467,127.1,49.6555555555556,0.00312001036487315,7.04666982024527,2313.6,137.43479411833,0.314582278369023,1.68624122786725,-2.71615904746944,3.34532360420748,-0.935756985478727,1.57022195838158,-3.75797275233264,1.88645878137519,-2.44266314646238,1.03455965520777,-4.30211400631896,-0.583212286605799,0.0227599602420768,0.0884848871159212,-0.136277074117212,0.181796994601366,-0.045285906618086,0.063949267077949,-0.160224198534573,0.0696523852984007,-0.0936795652737579,0.0453554648636775,-0.175198555228013,-0.0121605753195026,0.0441184816014948,0.00238976725975288,0.231296909615387,-0.413328393893677,0.418107928413183,9.55648365736369,0.674219011367754,0.821108404151214,1.02302094437226,0.955724194895304,0.910574495186676
35,"2000-2010",6.72753109962796,3.29698399323832,0.139304794357741,1.81575989415956,5.39786461364784,2.14679017046273,0.0785444375255648,1.46519287824598,7.05674574390878,1.3942668194087,0.0294242685510241,1.18079076021482,121.4,55.8222222222222,0.00399960142536901,7.47142705393168,2250,132.989426951684,1.11833688426658,1.40002775620133,-1.39798279047352,3.63465655900668,-0.238015401510471,1.80090232417672,-3.47484119338383,2.99881039036289,-4.0690388966985,1.71318033554671,-7.1481988387919,-0.9898789546051,0.033954973633624,0.0586922204393171,-0.0715346414054069,0.139444588672655,-0.0168836679507026,0.0795585103691743,-0.159877007938584,0.126109672037179,-0.224374373489043,0.103431620849481,-0.410275703931224,-0.0384730430468627,2.22158550726765,0.214279443534992,0.149382778506106,-0.054211536702547,0.48277042377253,9.35327398448642,1.83929147200319,1.35620480459376,1.0345380241913,0.983258062407268,0.799015947980887
36,"1950-1960",6.74790609917254,2.16369669255473,0.0521267698152144,1.470950948385,5.87999020673622,2.20116000713386,0.0802846566374099,1.48363068421149,6.27172117129151,3.08052946006798,0.102263231916805,1.75514371493276,131.1,80.7666666666667,0.0046956622632003,8.98702768809948,2443.2,146.504030164477,3.49106256509991,1.77272999198357,0.304871907756505,6.67725322244331,-2.21388081152347,1.99347390710576,-5.79682235772656,1.36906073467962,-4.60494659098427,0.791588876815008,-6.02769743018162,-3.18219575178693,0.166594192443291,0.0882666161504105,0.00794946425258089,0.325238920634001,-0.0911961182274405,0.0791919622085298,-0.233530648170818,0.0511384117159372,-0.182766967819948,0.0395500327665393,-0.253851648210204,-0.111682287429693,1.34918193695434,0.120603911616428,0.17934423676204,-0.201737863049553,0.442945686282409,9.93690300369935,1.86514452177818,1.36570294053216,1.18127479778968,0.912838669041442,0.832962240128976
36,"2000-2010",6.81660922263691,3.36531262652277,0.124250109891303,1.83447884330203,5.58519287033029,1.99344080609637,0.0738189382467931,1.41189263263761,7.03797525252506,1.39404127073115,0.0302349777282951,1.18069524888142,122.8,13.2888888888889,0.000893788962093111,3.64539283053128,2398.8,133.894957755091,0.219403418508065,0.698269738439735,-1.03562161462339,1.47442845163952,0.61304350639095,0.886741570627971,-0.980728653266308,2.20681566604821,-1.74715392763514,0.900006235307137,-3.3647671408452,-0.129540714425067,0.0128664129526739,0.029639335323814,-0.0404054184743647,0.0661382443797125,0.0352082514045231,0.0368582309534217,-0.0310383578597521,0.101454860668798,-0.0959452924661867,0.0504429426724426,-0.186608187209683,-0.00528239772269047,-1.49205729606011,-0.113545773496867,0.0655292856465288,-0.231323888976109,0.00423234198237497,9.45233849840119,1.74807345203194,1.32214728832757,1.01294954138279,1.0358354005168,0.908513717254086
37,"1950-1960",6.30514048406913,1.98655264258524,0.0507008086261175,1.40945118488908,5.30945616151764,2.83840153874617,0.14282365523299,1.68475563175974,5.55816381019159,3.76146024004335,0.197184033347519,1.93944843706744,128.9,86.7666666666667,0.00560625491472242,9.31486267567411,2197.2,128.188790470093,1.09372448748823,2.3043646146239,-3.04799198339519,5.23544095837165,-0.47381731161219,1.94757367227863,-3.97426073343232,3.02662611020794,-2.57609178244784,1.43313615079497,-5.15191835220913,-0.000265212686550331,0.0671196169932943,0.115146761482024,-0.139837752327714,0.274076986314303,-0.0293271252292062,0.0692756320374465,-0.153838682306375,0.0951844318479624,-0.0766519221952912,0.053099045890319,-0.172088725710009,0.0187848813194262,-2.98444652425931,-0.220507224626836,0.261634150059362,-0.690751586899037,0.249737137645365,9.17308044012696,0.779896996295571,0.883117770342988,1.06942339173481,0.971098741603427,0.926212191410204
37,"2000-2010",6.11085923841165,3.61661107557532,0.247053457967099,1.90173896094478,4.76933226054687,2.15626505903464,0.113963411622516,1.46842264319052,6.47356542907503,1.04008262580006,0.0257326746150099,1.01984441254539,118.6,26.7111111111111,0.0019619373937294,5.16827931821715,2199.6,104.892255988629,-1.01718151078447,0.890997753489484,-2.61860345925932,0.58424043769039,1.51019557258059,1.12399869289237,-0.510007250384376,3.53039839554555,-3.45757691392356,1.30990849917603,-5.81192204314392,-1.10323178470319,-0.0313525833298755,0.0294922938067274,-0.084360131809087,0.0216549651493361,0.0635963450066382,0.0405755581708239,-0.00933154866300924,0.136524238676286,-0.181731944482219,0.0734987605707614,-0.31383388065742,-0.0496300083070171,0.249969965460927,0.00645896435592542,0.192886603257696,-0.34022298721342,0.353140915925271,8.35995142604375,0.486065552615032,0.697184016322113,0.969133812403336,1.06566215208281,0.833824821806035
38,"1950-1960",6.52820297908329,1.79473635233197,0.0418959867722372,1.33967770464839,5.47804915291838,2.50087686774161,0.103500000407425,1.58141609570081,5.84172937762389,3.26807054943274,0.134753741069712,1.80778055898185,130.2,45.7333333333333,0.00282004935012274,6.76264248155507,2212.8,138.840952653615,0.991924531673352,1.74992887751412,-2.15328487176894,4.13713393511565,-1.77814738058596,1.37500505191869,-4.24949285904836,0.693198097876448,-2.52349222900646,0.976343491958564,-4.2783091083416,-0.768675349671329,0.0562524516628273,0.0895449532423825,-0.104689877244177,0.217194780569831,-0.0724726607193193,0.0524339667646127,-0.166714093869513,0.0217687724308745,-0.0846323841802714,0.041480098478618,-0.159186040312853,-0.0100787280476902,0.106916393392761,0.0117722157995927,0.118357839546271,-0.200956538320326,0.224500969919511,9.5075481745865,2.48970199761595,1.57787895531183,1.05786470973463,0.930091174336363,0.918850006119938
38,"2000-2010",6.28734360946692,3.22320706077253,0.157327669755642,1.79532923464542,5.00708442914574,1.93385396454949,0.0827874503278452,1.39063077937657,6.62546706502402,0.911952937897159,0.0205979417240222,0.954962270405045,119,23.1111111111111,0.00170490738076337,4.80740170061865,2206.8,111.411317760146,-0.91554989265164,0.889662203005609,-2.51457140874628,0.683471623443005,0.933712666811588,1.17680634495089,-1.1814032271715,3.04882856079468,-3.64391418883066,1.22802319497687,-5.85108394876586,-1.43674442889547,-0.0275436686995746,0.0354929784088362,-0.0913364610136412,0.0362491236144921,0.0514849497478988,0.0473591201875173,-0.0336352811749326,0.13660518067073,-0.199769284833995,0.0731975043956813,-0.331329762572295,-0.0682088070956942,-1.61139706522925,-0.124950025803375,0.204081030052108,-0.491752118752379,0.241852067145628,8.65030625826349,0.378420034245287,0.61515854399113,0.972832199308819,1.05283334076569,0.818919668471577
39,"1950-1960",6.2011092363944,1.95509390918252,0.0517696337981841,1.3982467268628,5.07475471748827,2.66630752010634,0.135016030397564,1.6328831924257,5.51995069629162,3.1985004918512,0.125894683739788,1.788435207619,126,56,0.00344624001464498,7.48331477354788,2444.4,106.67839428254,-0.0868457837621363,1.89194289042337,-3.48730202298283,3.31361045545856,-1.0725706576611,1.57529445043025,-3.90390339486471,1.75876207954251,-3.15511000528876,0.971692153810209,-4.90156686915653,-1.40865314142098,-0.0045617065549095,0.0912057733837178,-0.16848908656489,0.159365673455071,-0.0253367857875671,0.0557704224975061,-0.125574949479274,0.0749013779041401,-0.123322615495796,0.0389960320145618,-0.193411570632858,-0.0532336603587337,1.29681132772653,0.0882400344450926,0.10852197712995,-0.106810374365887,0.283290443256072,8.53612884146071,2.31389167595744,1.52114814398777,0.995448682225578,0.97498149681738,0.883978431413378
39,"2000-2010",5.92393736758968,3.69582728053017,0.17213803361324,1.92245345341056,5.08658539355233,2.7614255718635,0.137249771721931,1.66175376390833,6.68853263738489,1.30266195384507,0.0305410902851885,1.14134217211363,121.6,31.1555555555556,0.00225329172344675,5.58171618371586,2347.2,121.615193018642,-0.296783643643925,1.02114193682846,-2.13211836108945,1.5385510738016,1.72397313906232,1.01921133011791,-0.107891630285091,3.55583790840974,-3.01982589313956,1.3600317121246,-5.46425925550031,-0.575392530778799,-0.00754436695576372,0.0403625921808051,-0.0800894892779423,0.065000755366415,0.0804862670431886,0.0352480746982473,0.0171336488775573,0.14383888520882,-0.157744114379819,0.0781791330750742,-0.298258250502877,-0.0172299782567607,-0.521118327318311,-0.0329743179400797,0.169177943401884,-0.33704385201081,0.271095216130651,8.96201592871559,0.805649462481606,0.897579780566388,0.992484020347681,1.08381396256971,0.85406829780582
40,"1950-1960",6.30514048406913,1.98655264258524,0.0507008086261175,1.40945118488908,5.30945616151764,2.83840153874617,0.14282365523299,1.68475563175974,5.55816381019159,3.76146024004335,0.197184033347519,1.93944843706744,134.8,324.622222222222,0.0226825063065987,18.0172756603828,2197.2,144.436200136322,2.1596055151164,4.45457532066372,-5.84676112465033,10.1659721548831,0.97142928579838,3.76537340794319,-5.79621024647679,7.73906881807355,-2.55572996620236,3.1577370314139,-8.23124302985875,3.11978309745404,0.153885004956237,0.2301355530036,-0.259745808658058,0.567515818570531,0.0065111866295222,0.140877773664237,-0.246693445946294,0.259715819205338,-0.0881285172753265,0.115793744262282,-0.296248731755633,0.11999169720498,6.75485713475645,0.488439860809378,0.135577445487663,0.244761696558363,0.732118025060394,9.60883715081715,3.7480706293792,1.93599344765916,1.16635675382033,1.00653243048773,0.915643193192944
40,"2000-2010",6.11085923841165,3.61661107557532,0.247053457967099,1.90173896094478,4.76933226054687,2.15626505903464,0.113963411622516,1.46842264319052,6.47356542907503,1.04008262580006,0.0257326746150099,1.01984441254539,128.2,17.5111111111111,0.00103286929674505,4.18462795372672,2199.6,153.366033326809,0.477609097075877,0.759419667219404,-0.88732287769703,1.84254107184879,-0.280178727328387,1.00265511096063,-2.0822864152035,1.52192896054673,-1.6181371341534,1.33313078159573,-4.01422049740965,0.777946229102857,0.0163325084996217,0.0221190003217174,-0.0234227573860613,0.0560877743853047,-0.0105545037537491,0.0334510244027242,-0.070677219515594,0.0495682120080959,-0.0821030149117821,0.0646118509883614,-0.198232192453609,0.0340261626300444,1.51883769128146,0.116815995202639,0.0702811128216173,-0.00950274824535362,0.243134738650631,9.9314030038223,1.94116079338291,1.39325546594403,1.01646661300949,0.989500999579322,0.921177058834931
41,"1950-1960",5.57859362530871,1.77936001702759,0.0563072548708505,1.33392654109122,4.33682937166334,2.26077574067193,0.128419678919831,1.50358762321054,4.9814425116069,2.64721218002702,0.122548966524403,1.62702556219225,142.5,48.5,0.00241607454079848,6.96419413859206,2472,153.879687119951,2.36853645812835,1.64495539694257,-0.588000375560858,5.32507329181756,-1.76985807121347,1.51329176639086,-4.48975117942119,0.950035036994257,-3.10918207588458,1.04008098306633,-4.97855661465371,-1.23980753711545,0.0952698603146198,0.0650311605093103,-0.0216129571409126,0.212152677770152,-0.0610307417680264,0.0434297493157456,-0.13908857468468,0.0170270911486274,-0.0978677651129269,0.035596835085018,-0.1618472227245,-0.0338883075013534,-0.903601824180787,-0.0647119987244412,0.192287827144485,-0.410317748691523,0.280893751242641,10.4124934308571,0.890403464202222,0.943611924576105,1.09995564945543,0.94079431765078,0.906768802296534
41,"2000-2010",4.97951551369915,4.20037282356767,0.258982839319778,2.04948111081017,4.79427960298442,2.96547123190524,0.159491140857735,1.72205436380657,6.15818838694392,1.65871968524806,0.0466205281127056,1.28791291834815,119.8,25.7333333333333,0.00185486202887162,5.07280330126581,2456.4,80.3692541645017,-0.273662044175306,0.869737703540129,-1.83687254881517,1.28954846046456,1.08521477543443,0.968243441966353,-0.655043595991483,2.82547314686035,-3.14203200530674,0.839762498669559,-4.65136700823881,-1.63269700237466,-0.0098690972227818,0.0297167985276764,-0.0632801560209092,0.0435419615753457,0.0445630661932161,0.0347203256630854,-0.0178410098634314,0.106967142249864,-0.152201757461845,0.0455809782562794,-0.234126070656449,-0.0702774442672406,-0.181025077832653,-0.0184661808858973,0.125377317546752,-0.243811292446428,0.206878930674634,7.96899982187897,0.901912682539494,0.94969083524034,0.990179442504878,1.04557091480854,0.858814990927691
42,"1950-1960",5.85509361912846,1.98434660291606,0.067789255896675,1.40866837932711,5.35238707843246,2.64358313941977,0.137856871513925,1.62590994197704,5.3814998797141,3.28238574721617,0.152381169691144,1.81173556216579,137.9,101.211111111111,0.00537112347626793,10.0603733087352,2494.8,128.420394649234,1.44693755921883,2.47262831042481,-2.99720523600914,5.8910803544468,-3.08732776580997,1.89585027956871,-6.49480689449821,0.32015136287827,-2.65943907186119,1.72344139606449,-5.75704158293239,0.438163439210006,0.0522282970465444,0.0977911493103697,-0.123535213308991,0.22799180740208,-0.110290241481327,0.0578766541515717,-0.214314010227798,-0.00626647273485607,-0.0787985755437657,0.0602481659868679,-0.187084746848759,0.0294875957612279,1.73659161621728,0.11899375176499,0.200147319738051,-0.240738143743895,0.478725647273875,9.16811325447603,1.44285039063802,1.20118707562062,1.0536162525371,0.895574164799012,0.924226067430652
42,"2000-2010",6.26451548497716,3.63135334488156,0.178628092659829,1.90561101615245,4.99935206216882,2.47176214705896,0.129335438350378,1.57218387825946,6.4569998556748,1.44526862988816,0.0364919406330228,1.20219325812789,133.2,50.8444444444444,0.00296781936259278,7.13052904379783,2450.4,157.923410493703,0.848389490605331,1.28849472266079,-1.46746789655626,3.16424687776693,-1.8289218297315,1.46736009256691,-4.46626030712922,0.808416647666214,-3.32556014987649,1.73639628173944,-6.44644693767969,-0.204673362073281,0.0222851127836465,0.0448858135700691,-0.0583897561986216,0.102959981765915,-0.0518819042665938,0.0503176801170525,-0.142319660164635,0.0385558516314472,-0.143477767435125,0.0871365360988189,-0.300091362560612,0.0131358276903616,-4.01575048863461,-0.302314560061942,0.285987985111661,-0.816330936157463,0.211701816033579,10.0844997745939,0.400719599672293,0.633024169895821,1.02253528079408,0.94944098515188,0.866340060934744
43,"1950-1960",5.65746862354572,2.5429479321113,0.0926927753679354,1.59466232541918,4.89082742691337,2.64676350418973,0.158077488101677,1.62688767411574,5.17415562205352,3.49826896041473,0.192703957579893,1.87036599638005,147,75.5555555555556,0.00341919794858498,8.69226987360353,2386.8,170.099554464167,1.45351587757131,1.85738693130525,-1.8848317074293,4.79186346257193,-0.984551866485378,1.85664523669904,-4.32156637739371,2.35246264442296,-1.86874622192673,1.50440067531904,-4.57265905596144,0.835166612107979,0.0446471996668119,0.0660435975048695,-0.0740553068056532,0.163349706139277,-0.0290133538127586,0.0509756200050458,-0.120633648469492,0.0626069408439753,-0.0437377180257172,0.0444835361986686,-0.123689559582369,0.0362141235309345,-4.07569622075123,-0.281423528985402,0.11465514646152,-0.487497301146989,-0.0753497568238151,10.5560108527645,1.92055903297424,1.38584235502247,1.0456588860221,0.971403492439641,0.957204982164497
43,"2000-2010",5.84959361925139,3.89349413041773,0.247710471878021,1.9731938907309,4.59788854457218,2.55051417302529,0.150853335058414,1.59703292797152,6.14326215776935,1.76677123070294,0.0495318657146133,1.32919946987009,120.4,30.0444444444444,0.00223889185067191,5.48128127762519,2370,104.347253441588,-0.834246883458559,0.93679029238248,-2.51797339058402,0.849479623666904,1.71842830508445,1.05040254231536,-0.16949753918364,3.60635414935254,-2.47517152025267,1.16612653465412,-4.57109221138837,-0.379250829116969,-0.0202134704884421,0.0328438676965193,-0.0792449219102004,0.0388179809333163,0.0719627185260756,0.0347542819663519,0.00949761159799534,0.134427825454156,-0.119834820090625,0.0620893066878621,-0.231430139053124,-0.00823950112812573,-1.18426777841974,-0.08064897391087,0.110418760436323,-0.279108538812794,0.117810590991055,8.23925788035436,1.43818881997204,1.19924510421016,0.97998945214926,1.07461528007545,0.887066950254731
