"chillutah","chillports","gdd","mat.lo","siteslist","year","lat","long","lat.long","cc","lo"
3036,132.341677913873,23.7321413279659,3.77758056072578,1,1951,50.5167,8.81667,"50.5167 8.81667","1950-1960",109
2472,123.201948199197,126.868327410681,8.33338691050848,1,1952,50.5167,8.81667,"50.5167 8.81667","1950-1960",106
2100,106.424837578008,13.638899460264,4.52387086662554,1,1953,50.5167,8.81667,"50.5167 8.81667","1950-1960",92
2568,123.685826897682,55.5899570373851,7.43209660807324,1,1954,50.5167,8.81667,"50.5167 8.81667","1950-1960",119
1752,101.983392461362,78.7961960088187,7.57532241132351,1,1955,50.5167,8.81667,"50.5167 8.81667","1950-1960",120
1980,101.718198696476,74.7494445743263,7.28290306302088,1,1956,50.5167,8.81667,"50.5167 8.81667","1950-1960",115
2688,127.63440560612,94.2311569271854,8.73225786933495,1,1957,50.5167,8.81667,"50.5167 8.81667","1950-1960",96
2100,106.313550269477,218.397669843382,11.8969352179537,1,1958,50.5167,8.81667,"50.5167 8.81667","1950-1960",112
2388,120.266229534345,154.295959614938,10.1998384816933,1,1959,50.5167,8.81667,"50.5167 8.81667","1950-1960",96
2664,125.686698253209,65.8330457519123,6.99032242439928,1,1960,50.5167,8.81667,"50.5167 8.81667","1950-1960",97
2424,126.015004751525,21.1560838434975,4.41483861099808,2,1951,50,8.71667,"50 8.71667","1950-1960",109
2052,108.055725722515,70.3651373786624,5.55951600476739,2,1952,50,8.71667,"50 8.71667","1950-1960",103
1920,101.570281806673,45.5273937895911,5.75887083902114,2,1953,50,8.71667,"50 8.71667","1950-1960",93
2232,115.114406476207,22.0352611196141,5.39967729866264,2,1954,50,8.71667,"50 8.71667","1950-1960",113
1620,95.0967590942319,69.0793421866774,6.728548236702,2,1955,50,8.71667,"50 8.71667","1950-1960",118
1800,96.4457181884139,39.711807315544,5.55870955317251,2,1956,50,8.71667,"50 8.71667","1950-1960",115
2520,122.421681642156,65.8899542814485,7.72516111765177,2,1957,50,8.71667,"50 8.71667","1950-1960",98
2016,103.203952662616,29.6517029930269,5.01080633961265,2,1958,50,8.71667,"50 8.71667","1950-1960",120
2484,115.536162556852,52.9401324779161,6.71612888214088,2,1959,50,8.71667,"50 8.71667","1950-1960",103
2460,112.93290641913,33.8871200726878,5.17483859401076,2,1960,50,8.71667,"50 8.71667","1950-1960",99
2580,129.351511719204,18.7428049461108,4.85177408510278,3,1951,48.7167,9.21667,"48.7167 9.21667","1950-1960",110
2208,114.397235310314,55.3125468330659,5.15645149764755,3,1952,48.7167,9.21667,"48.7167 9.21667","1950-1960",99
2100,107.129260462559,96.0008967806948,8.77354819099269,3,1953,48.7167,9.21667,"48.7167 9.21667","1950-1960",94
2304,117.191937533676,28.7461759522096,5.9153224484274,3,1954,48.7167,9.21667,"48.7167 9.21667","1950-1960",118
1680,98.9532113872198,34.1682100120709,5.74564503286515,3,1955,48.7167,9.21667,"48.7167 9.21667","1950-1960",118
1932,98.5635637443122,59.2952781204562,6.55870953082077,3,1956,48.7167,9.21667,"48.7167 9.21667","1950-1960",115
2640,127.727327425338,103.797776324697,8.54306432517666,3,1957,48.7167,9.21667,"48.7167 9.21667","1950-1960",86
2040,106.703379389918,89.423838741973,7.58016112089277,3,1958,48.7167,9.21667,"48.7167 9.21667","1950-1960",122
2388,114.387234892744,122.166529497573,9.16935463375863,3,1959,48.7167,9.21667,"48.7167 9.21667","1950-1960",95
2556,116.498695791267,65.0744390824255,7.13241919541671,3,1960,48.7167,9.21667,"48.7167 9.21667","1950-1960",98
2904,131.700949497467,31.014572780707,5.56725794007821,4,1951,48.8333,12.9667,"48.8333 12.9667","1950-1960",110
2364,118.501996918584,52.6843313420044,5.6095160036498,4,1952,48.8333,12.9667,"48.8333 12.9667","1950-1960",111
2196,109.314178377131,57.4059494395562,6.36645147060194,4,1953,48.8333,12.9667,"48.8333 12.9667","1950-1960",93
2496,122.069540859158,44.7425582072142,6.62403211000586,4,1954,48.8333,12.9667,"48.8333 12.9667","1950-1960",118
1692,99.7633324925181,33.4942392232754,5.95774180231796,4,1955,48.8333,12.9667,"48.8333 12.9667","1950-1960",122
2028,103.514046156356,68.2088381118107,7.00096758545166,4,1956,48.8333,12.9667,"48.8333 12.9667","1950-1960",116
2652,127.790514828691,87.562788201817,8.30774174979137,4,1957,48.8333,12.9667,"48.8333 12.9667","1950-1960",98
2136,106.12653097224,73.8709386799475,7.28983854673683,4,1958,48.8333,12.9667,"48.8333 12.9667","1950-1960",125
2568,120.279164480552,87.0614223050488,8.32612884615458,4,1959,48.8333,12.9667,"48.8333 12.9667","1950-1960",96
2664,125.225475559062,89.558714078414,8.20725788106962,4,1960,48.8333,12.9667,"48.8333 12.9667","1950-1960",102
2868,131.982939951486,20.4097724045499,4.84338698851606,5,1951,50.4167,10.3833,"50.4167 10.3833","1950-1960",110
2208,116.844322572043,103.09855597926,7.09451597045747,5,1952,50.4167,10.3833,"50.4167 10.3833","1950-1960",109
2244,108.921099446211,55.7903069245163,6.48854824206642,5,1953,50.4167,10.3833,"50.4167 10.3833","1950-1960",99
2520,121.314549738885,41.9602939727019,6.69483856003611,5,1954,50.4167,10.3833,"50.4167 10.3833","1950-1960",120
1668,100.261684284006,76.2145418351884,7.39774177013145,5,1955,50.4167,10.3833,"50.4167 10.3833","1950-1960",122
2088,102.660108554128,49.6635490916754,6.26322566645761,5,1956,50.4167,10.3833,"50.4167 10.3833","1950-1960",123
2808,133.017964876968,81.5857013530484,8.54193529294383,5,1957,50.4167,10.3833,"50.4167 10.3833","1950-1960",112
2184,107.470385906141,36.8004096270634,4.77725795773609,5,1958,50.4167,10.3833,"50.4167 10.3833","1950-1960",123
2496,116.518933360595,70.9306129312714,7.52774176722573,5,1959,50.4167,10.3833,"50.4167 10.3833","1950-1960",105
2592,121.594775450421,45.2503162227472,6.07435470293727,5,1960,50.4167,10.3833,"50.4167 10.3833","1950-1960",101
3156,136.391414116709,50.6241186983691,6.62919340021307,6,1951,48.5833,12.1833,"48.5833 12.1833","1950-1960",111
2688,131.262168093153,94.1856361384632,7.11951596989867,6,1952,48.5833,12.1833,"48.5833 12.1833","1950-1960",108
2148,106.491068531901,90.7870029854325,7.67967724770067,6,1953,48.5833,12.1833,"48.5833 12.1833","1950-1960",111
2532,121.033231721928,56.0778277605369,7.38790306067395,6,1954,48.5833,12.1833,"48.5833 12.1833","1950-1960",119
1776,105.89389079874,77.3836222640213,7.80548369650158,6,1955,48.5833,12.1833,"48.5833 12.1833","1950-1960",121
2016,103.644008776676,84.8246052098522,7.76629014899053,6,1956,48.5833,12.1833,"48.5833 12.1833","1950-1960",120
2640,131.074776807021,113.678028168033,9.39064495139305,6,1957,48.5833,12.1833,"48.5833 12.1833","1950-1960",104
2256,110.650161664194,63.3316126422637,7.03193532669496,6,1958,48.5833,12.1833,"48.5833 12.1833","1950-1960",120
2376,116.96249297076,110.123960840527,9.07677399066667,6,1959,48.5833,12.1833,"48.5833 12.1833","1950-1960",95
2688,124.906617549389,93.5800994904607,8.31516110446424,6,1960,48.5833,12.1833,"48.5833 12.1833","1950-1960",100
2856,130.808422276429,49.3775995496592,6.14903212062293,7,1951,49.1667,11.45,"49.1667 11.45","1950-1960",111
2424,119.194650305344,35.1578318692008,5.11741924045547,7,1952,49.1667,11.45,"49.1667 11.45","1950-1960",108
2172,109.334873270629,74.4603573713305,6.96354823144934,7,1953,49.1667,11.45,"49.1667 11.45","1950-1960",100
2412,121.009643217215,38.200589076143,6.05758050976381,7,1954,49.1667,11.45,"49.1667 11.45","1950-1960",121
1896,105.557497643215,51.443897725657,6.45741921050414,7,1955,49.1667,11.45,"49.1667 11.45","1950-1960",120
2100,104.940605528701,66.378450257194,6.77983855813622,7,1956,49.1667,11.45,"49.1667 11.45","1950-1960",126
2472,125.024972884919,81.6168482825902,7.83693530870181,7,1957,49.1667,11.45,"49.1667 11.45","1950-1960",109
2088,108.694584302942,49.6225233699659,6.11177405693959,7,1958,49.1667,11.45,"49.1667 11.45","1950-1960",127
2472,119.327234449991,70.6530328497578,7.60629015256681,7,1959,49.1667,11.45,"49.1667 11.45","1950-1960",102
2760,124.212479521012,57.439963943519,6.73419339786614,7,1960,49.1667,11.45,"49.1667 11.45","1950-1960",106
1752,102.038784536135,25.5431252687644,5.03758053256259,8,1951,49.7167,10.2167,"49.7167 10.2167","1950-1960",113
1752,95.8710388871024,117.348325653779,7.39451596375194,8,1952,49.7167,10.2167,"49.7167 10.2167","1950-1960",104
1560,91.3544279290554,35.4289626700278,4.95548376020405,8,1953,49.7167,10.2167,"49.7167 10.2167","1950-1960",101
1956,107.422394195681,26.1379705823221,5.48596761931455,8,1954,49.7167,10.2167,"49.7167 10.2167","1950-1960",118
1464,90.7504277482925,81.5311085098057,6.86887081421071,8,1955,49.7167,10.2167,"49.7167 10.2167","1950-1960",118
1620,92.0880154716068,44.0546069170051,5.53887084393852,8,1956,49.7167,10.2167,"49.7167 10.2167","1950-1960",115
2508,117.572776504202,62.1947651103428,7.50258047746555,8,1957,49.7167,10.2167,"49.7167 10.2167","1950-1960",103
1512,90.0214783397238,49.2024901964873,6.06370954188488,8,1958,49.7167,10.2167,"49.7167 10.2167","1950-1960",123
2196,105.258298130088,46.0825691207901,6.43499985616654,8,1959,49.7167,10.2167,"49.7167 10.2167","1950-1960",104
2292,103.6574191235,48.0648024008382,6.34548372913512,8,1960,49.7167,10.2167,"49.7167 10.2167","1950-1960",100
2604,128.538652601698,21.8377494045801,4.99790311409461,9,1951,49.3333,10.8,"49.3333 10.8","1950-1960",115
2220,114.75884176378,139.370261675664,8.08032240003588,9,1952,49.3333,10.8,"49.3333 10.8","1950-1960",112
2136,109.159450648397,75.9973059901361,7.288709514504,9,1953,49.3333,10.8,"49.3333 10.8","1950-1960",103
2256,115.715626274977,33.8440259423618,6.13161276617358,9,1954,49.3333,10.8,"49.3333 10.8","1950-1960",124
1668,98.5612443733358,91.0126303777209,7.6037095074632,9,1955,49.3333,10.8,"49.3333 10.8","1950-1960",121
1944,99.2224758006169,45.7338644288069,5.98870954356126,9,1956,49.3333,10.8,"49.3333 10.8","1950-1960",128
2688,127.447900654914,58.3165913810896,7.05774177773105,9,1957,49.3333,10.8,"49.3333 10.8","1950-1960",118
1944,104.080811540143,54.4727952506757,6.50935469321426,9,1958,49.3333,10.8,"49.3333 10.8","1950-1960",130
2472,116.661371977948,102.617742809511,8.67499980609864,9,1959,49.3333,10.8,"49.3333 10.8","1950-1960",105
2460,114.0621482879,62.4538790187668,6.9967740371583,9,1960,49.3333,10.8,"49.3333 10.8","1950-1960",110
1980,109.954287898823,33.4442619077764,5.70322567897458,10,1951,49.4,11.4,"49.4 11.4","1950-1960",115
2028,108.307349957184,97.6492698675446,6.96677403782885,10,1952,49.4,11.4,"49.4 11.4","1950-1960",109
1704,98.830404190944,88.6113239590997,8.65999980643392,10,1953,49.4,11.4,"49.4 11.4","1950-1960",96
2052,108.20795709237,34.3820373406678,5.92790309330749,10,1954,49.4,11.4,"49.4 11.4","1950-1960",126
1632,96.3369748466915,74.878657251525,6.91129016810127,10,1955,49.4,11.4,"49.4 11.4","1950-1960",124
1764,96.6066585025902,56.0911765039983,6.23903211861128,10,1956,49.4,11.4,"49.4 11.4","1950-1960",128
2556,124.430190295916,75.0447734988634,7.52999983169138,10,1957,49.4,11.4,"49.4 11.4","1950-1960",113
1776,97.4158139897394,34.4242383754338,5.5245160055497,10,1958,49.4,11.4,"49.4 11.4","1950-1960",125
2388,111.775404849876,47.071097993465,6.50258049981729,10,1959,49.4,11.4,"49.4 11.4","1950-1960",104
2328,106.739283904752,51.8467765864742,6.55177404710482,10,1960,49.4,11.4,"49.4 11.4","1950-1960",107
2184,118.407605378561,29.7066206279071,5.35209665456486,11,1951,49.4667,9.58333,"49.4667 9.58333","1950-1960",116
1992,106.207049423225,109.61880191581,7.14048371136549,11,1952,49.4667,9.58333,"49.4667 9.58333","1950-1960",103
1920,101.65825583166,72.6562793635283,7.27145145037362,11,1953,49.4667,9.58333,"49.4667 9.58333","1950-1960",93
2040,110.431975929934,32.1301318853363,5.74774180701183,11,1954,49.4667,9.58333,"49.4667 9.58333","1950-1960",124
1572,94.7254695826774,60.0958471814319,6.21741921586856,11,1955,49.4667,9.58333,"49.4667 9.58333","1950-1960",122
1788,97.4676415313319,57.8074858694891,6.34306437435049,11,1956,49.4667,9.58333,"49.4667 9.58333","1950-1960",123
2508,122.073166523622,57.4630087826139,6.66048372209433,11,1957,49.4667,9.58333,"49.4667 9.58333","1950-1960",108
1908,101.889929293979,67.8677981192772,6.7970966222666,11,1958,49.4667,9.58333,"49.4667 9.58333","1950-1960",123
2388,113.0406387773,65.1603748378617,7.33064499743764,11,1959,49.4667,9.58333,"49.4667 9.58333","1950-1960",105
2316,113.265866203351,64.9988277261064,7.03274177828984,11,1960,49.4667,9.58333,"49.4667 9.58333","1950-1960",111
2760,127.903320404661,18.3301687895492,4.81354827950558,12,1951,48.8833,12.6,"48.8833 12.6","1950-1960",117
2148,112.31368767338,60.0739788844937,4.59096763931936,12,1952,48.8833,12.6,"48.8833 12.6","1950-1960",107
2364,114.12955423158,40.1017558654091,5.469838587417,12,1953,48.8833,12.6,"48.8833 12.6","1950-1960",100
2424,118.776192472368,23.9782461759812,5.56564503688846,12,1954,48.8833,12.6,"48.8833 12.6","1950-1960",114
1716,101.893530716276,61.3696393994371,6.35209663221312,12,1955,48.8833,12.6,"48.8833 12.6","1950-1960",121
2112,105.188920570049,29.6185478922922,5.07483859624594,12,1956,48.8833,12.6,"48.8833 12.6","1950-1960",110
2832,133.594921898882,60.1514770428861,7.6570966030441,12,1957,48.8833,12.6,"48.8833 12.6","1950-1960",105
2052,107.704325580083,32.2177300613241,5.17725794879539,12,1958,48.8833,12.6,"48.8833 12.6","1950-1960",118
2712,123.922825344031,60.6108349850226,6.85661274996857,12,1959,48.8833,12.6,"48.8833 12.6","1950-1960",95
2460,118.258726465596,25.347010078255,4.63032247714939,12,1960,48.8833,12.6,"48.8833 12.6","1950-1960",100
3276,137.210807240566,25.6890052139053,5.73903212978715,13,1951,48.4333,10.4167,"48.4333 10.4167","1950-1960",120
2772,129.832610506688,84.6690791220208,6.28241921441569,13,1952,48.4333,10.4167,"48.4333 10.4167","1950-1960",117
2604,118.068789778464,54.5138392933682,6.72387081745171,13,1953,48.4333,10.4167,"48.4333 10.4167","1950-1960",125
2496,122.455525111883,42.2176795119507,6.82790307319092,13,1954,48.4333,10.4167,"48.4333 10.4167","1950-1960",128
1944,110.692827761701,43.4695350553973,6.40306437300939,13,1955,48.4333,10.4167,"48.4333 10.4167","1950-1960",117
2100,108.892386542427,32.2270588000729,5.69967729195712,13,1956,48.4333,10.4167,"48.4333 10.4167","1950-1960",130
3216,140.857534314945,92.036992783785,8.88661270459453,13,1957,48.4333,10.4167,"48.4333 10.4167","1950-1960",117
2316,114.539503280712,56.8554115311913,6.47999985516071,13,1958,48.4333,10.4167,"48.4333 10.4167","1950-1960",124
2448,118.895219637212,65.7476605614963,7.6103224105412,13,1959,48.4333,10.4167,"48.4333 10.4167","1950-1960",121
2556,127.970087162482,70.4363746854472,7.14596758221066,13,1960,48.4333,10.4167,"48.4333 10.4167","1950-1960",120
2592,125.934587572432,12.6381743638931,4.26854829168728,14,1951,49.95,11.1667,"49.95 11.1667","1950-1960",121
2100,107.437771697924,106.771950810007,6.77435468729105,14,1952,49.95,11.1667,"49.95 11.1667","1950-1960",111
2292,113.087129649972,74.0938320330374,7.87080627568667,14,1953,49.95,11.1667,"49.95 11.1667","1950-1960",116
2340,118.945200320569,56.1411687845624,6.6679030767672,14,1954,49.95,11.1667,"49.95 11.1667","1950-1960",119
1668,98.4643109504883,96.0366625698606,7.73435466583337,14,1955,49.95,11.1667,"49.95 11.1667","1950-1960",121
2016,100.631599097267,42.8053375995271,5.60612890695132,14,1956,49.95,11.1667,"49.95 11.1667","1950-1960",124
2808,128.782803213008,68.5224936037827,7.18612887163556,14,1957,49.95,11.1667,"49.95 11.1667","1950-1960",114
2004,103.860909166568,139.415455823718,9.73854816942326,14,1958,49.95,11.1667,"49.95 11.1667","1950-1960",124
2568,119.900486323438,96.602567185321,8.39096755438274,14,1959,49.95,11.1667,"49.95 11.1667","1950-1960",105
2556,115.52421527336,70.8205106696027,7.93112885498352,14,1960,49.95,11.1667,"49.95 11.1667","1950-1960",113
2796,130.273219666834,43.3049555063168,6.06935470304902,15,1951,50.3,10.4667,"50.3 10.4667","1950-1960",124
2304,117.386448838061,81.280384807423,6.56951598219213,15,1952,50.3,10.4667,"50.3 10.4667","1950-1960",127
2208,109.077892964426,79.8948968071247,7.4198385438311,15,1953,50.3,10.4667,"50.3 10.4667","1950-1960",130
2412,121.000324366104,44.6161871912903,6.27790308548438,15,1954,50.3,10.4667,"50.3 10.4667","1950-1960",134
1776,103.225285464655,84.5450514177709,7.37387080292308,15,1955,50.3,10.4667,"50.3 10.4667","1950-1960",138
1980,104.243423204219,53.1511374088215,6.22741921564504,15,1956,50.3,10.4667,"50.3 10.4667","1950-1960",136
2688,125.330782623053,85.1143057522531,8.43032239221277,15,1957,50.3,10.4667,"50.3 10.4667","1950-1960",123
2076,105.870612126334,60.4975500496521,6.61306436831552,15,1958,50.3,10.4667,"50.3 10.4667","1950-1960",134
2484,119.729453894279,89.1212021555828,8.27032239578905,15,1959,50.3,10.4667,"50.3 10.4667","1950-1960",104
2748,125.11142027373,80.1747667313653,7.6801611186576,15,1960,50.3,10.4667,"50.3 10.4667","1950-1960",120
1896,107.454684547253,18.0849891128706,4.79741924760803,16,1951,52.4,9.45,"52.4 9.45","1950-1960",143
1860,98.0528464307315,72.360562246332,5.29096762367314,16,1952,52.4,9.45,"52.4 9.45","1950-1960",106
1860,97.4321480386345,46.5425523174173,5.15516117509575,16,1953,52.4,9.45,"52.4 9.45","1950-1960",98
1824,102.009755714411,21.5707112000082,5.09516117643685,16,1954,52.4,9.45,"52.4 9.45","1950-1960",125
1536,91.9116141497373,67.4487171744913,6.08645147686043,16,1955,52.4,9.45,"52.4 9.45","1950-1960",122
1524,91.3667587144009,42.9263932559468,5.41483858864634,16,1956,52.4,9.45,"52.4 9.45","1950-1960",124
2508,116.421501593508,50.1563806342126,6.74887081689291,16,1957,52.4,9.45,"52.4 9.45","1950-1960",106
1704,95.2707674966585,37.7504831439818,5.32629020352878,16,1958,52.4,9.45,"52.4 9.45","1950-1960",123
2340,109.610898718172,35.4059762850262,5.86225793348445,16,1959,52.4,9.45,"52.4 9.45","1950-1960",106
2328,105.906788271259,35.2198349581191,5.23596762490248,16,1960,52.4,9.45,"52.4 9.45","1950-1960",108
3012,134.18306480964,45.1102840965732,6.49499985482544,17,1951,49.45,10.3167,"49.45 10.3167","1950-1960",144
2244,118.685304560729,86.1665848881583,6.66903210900003,17,1952,49.45,10.3167,"49.45 10.3167","1950-1960",108
2232,108.074423892562,96.6533654328484,8.33887078135364,17,1953,49.45,10.3167,"49.45 10.3167","1950-1960",93
2328,118.344473196911,43.1969967725348,6.63548372265312,17,1954,49.45,10.3167,"49.45 10.3167","1950-1960",117
1752,103.166287878201,55.5367125651182,6.6593546898615,17,1955,49.45,10.3167,"49.45 10.3167","1950-1960",120
2064,101.394596497398,61.4469634986207,6.7917740417404,17,1956,49.45,10.3167,"49.45 10.3167","1950-1960",112
2676,129.362476016494,82.8381836474558,8.0709675615353,17,1957,49.45,10.3167,"49.45 10.3167","1950-1960",105
2148,106.856679356735,66.998405149944,7.15274177560763,17,1958,49.45,10.3167,"49.45 10.3167","1950-1960",127
2568,118.839344369535,104.847009529084,8.80951593212423,17,1959,49.45,10.3167,"49.45 10.3167","1950-1960",102
2532,120.470366248777,67.406454662933,7.23290306413847,17,1960,49.45,10.3167,"49.45 10.3167","1950-1960",109
2160,112.498937415006,61.4037019983574,6.84983855657159,1,2001,50.5167,8.81667,"50.5167 8.81667","2000-2010",114
2904,133.393946490344,65.958297165741,7.13677403402905,1,2002,50.5167,8.81667,"50.5167 8.81667","2000-2010",96
2352,118.386816022235,94.0503737282166,8.21177401000093,1,2003,50.5167,8.81667,"50.5167 8.81667","2000-2010",100
1956,115.869482847266,86.5758433661366,7.43774176923738,1,2004,50.5167,8.81667,"50.5167 8.81667","2000-2010",100
1488,97.6724880246499,147.612087002026,10.2698384801286,1,2005,50.5167,8.81667,"50.5167 8.81667","2000-2010",103
1344,94.7852466868802,104.89492406819,8.68306432204742,1,2006,50.5167,8.81667,"50.5167 8.81667","2000-2010",106
3168,133.784624850025,103.210887767228,8.48241916524186,1,2007,50.5167,8.81667,"50.5167 8.81667","2000-2010",100
2928,133.435536456547,40.4322710071323,5.65725793806656,1,2008,50.5167,8.81667,"50.5167 8.81667","2000-2010",108
2292,116.186384986143,130.333240062729,8.73403206284368,1,2009,50.5167,8.81667,"50.5167 8.81667","2000-2010",99
1740,97.1956600704578,101.698637432826,8.79274173895077,1,2010,50.5167,8.81667,"50.5167 8.81667","2000-2010",103
2136,110.523480669428,49.9214481265963,6.64838694817116,2,2001,50,8.71667,"50 8.71667","2000-2010",101
2952,133.152289163023,51.1958567047269,6.27612889197565,2,2002,50,8.71667,"50 8.71667","2000-2010",92
2364,112.244011460585,59.4979895103925,5.9687095440083,2,2003,50,8.71667,"50 8.71667","2000-2010",104
1644,102.899448724361,48.3515850179105,5.67838696985235,2,2004,50,8.71667,"50 8.71667","2000-2010",94
1368,92.0367837912999,82.1567462877724,8.14241917284146,2,2005,50,8.71667,"50 8.71667","2000-2010",94
1344,93.8233831754088,56.6039460165364,6.69451597939816,2,2006,50,8.71667,"50 8.71667","2000-2010",107
3120,132.092902016667,35.5169810278665,6.06290309029,2,2007,50,8.71667,"50 8.71667","2000-2010",98
2700,128.029708445776,18.3086078837411,4.0516128126652,2,2008,50,8.71667,"50 8.71667","2000-2010",102
2076,109.047523704819,53.4606241954108,5.40096762121445,2,2009,50,8.71667,"50 8.71667","2000-2010",95
1752,90.7520940990781,59.9319439534059,7.43596757572865,2,2010,50,8.71667,"50 8.71667","2000-2010",98
2100,112.444128489398,33.546228176065,5.13225794980122,3,2001,48.7167,9.21667,"48.7167 9.21667","2000-2010",99
3024,132.493790397595,50.4315637333863,6.5156450156543,3,2002,48.7167,9.21667,"48.7167 9.21667","2000-2010",93
2400,115.271601380437,48.2546061318114,5.58290310101884,3,2003,48.7167,9.21667,"48.7167 9.21667","2000-2010",104
1860,110.42627100893,52.2045387770033,6.43209663042498,3,2004,48.7167,9.21667,"48.7167 9.21667","2000-2010",105
1476,98.4654954703898,107.449027142957,9.10290302234071,3,2005,48.7167,9.21667,"48.7167 9.21667","2000-2010",106
1452,95.2921095375149,34.1984910131904,4.37532248284908,3,2006,48.7167,9.21667,"48.7167 9.21667","2000-2010",114
3204,134.825390334834,36.2507040222506,6.20387082907461,3,2007,48.7167,9.21667,"48.7167 9.21667","2000-2010",102
2820,130.829315360192,19.8389904327796,4.49096764155453,3,2008,48.7167,9.21667,"48.7167 9.21667","2000-2010",107
2196,113.896390198312,211.169229112544,11.8716126378746,3,2009,48.7167,9.21667,"48.7167 9.21667","2000-2010",104
1776,89.7609185412971,69.4556264918342,7.88983853332578,3,2010,48.7167,9.21667,"48.7167 9.21667","2000-2010",109
2304,114.60936040353,57.2174813856162,6.89370952333294,4,2001,48.8333,12.9667,"48.8333 12.9667","2000-2010",113
3012,133.992695337921,79.4936881584887,7.71129015021987,4,2002,48.8333,12.9667,"48.8333 12.9667","2000-2010",97
2424,114.950377456346,102.945440941946,7.79161272906969,4,2003,48.8333,12.9667,"48.8333 12.9667","2000-2010",111
1992,113.958365601572,71.8366622077811,7.3664514482502,4,2004,48.8333,12.9667,"48.8333 12.9667","2000-2010",101
1512,98.5166041895888,90.4483648941683,8.20322562309523,4,2005,48.8333,12.9667,"48.8333 12.9667","2000-2010",106
1428,92.5410998607937,103.695562894369,8.68709658002181,4,2006,48.8333,12.9667,"48.8333 12.9667","2000-2010",114
3204,135.338435931083,46.239063969008,6.70580630172645,4,2007,48.8333,12.9667,"48.8333 12.9667","2000-2010",100
2784,130.032194132705,32.8130707123014,5.20854827067665,4,2008,48.8333,12.9667,"48.8333 12.9667","2000-2010",107
2244,113.980216652887,65.6552692158723,6.65048372231784,4,2009,48.8333,12.9667,"48.8333 12.9667","2000-2010",101
1740,94.7102560391273,89.0728728094861,7.89532240417095,4,2010,48.8333,12.9667,"48.8333 12.9667","2000-2010",107
2268,117.857020838419,44.8030386433466,6.13854824988953,5,2001,50.4167,10.3833,"50.4167 10.3833","2000-2010",117
3084,135.49833625179,63.0135019938216,7.07499984186143,5,2002,50.4167,10.3833,"50.4167 10.3833","2000-2010",105
2484,118.771636064906,53.8444231575244,6.05451599370328,5,2003,50.4167,10.3833,"50.4167 10.3833","2000-2010",110
2040,116.429166526446,66.124353369,6.65161275455067,5,2004,50.4167,10.3833,"50.4167 10.3833","2000-2010",110
1596,100.512272159469,102.997861791707,8.98209657342804,5,2005,50.4167,10.3833,"50.4167 10.3833","2000-2010",107
1356,94.3226825203788,44.9419836678053,5.84983857892334,5,2006,50.4167,10.3833,"50.4167 10.3833","2000-2010",115
3312,136.185853064406,46.9405288018719,6.73741920424565,5,2007,50.4167,10.3833,"50.4167 10.3833","2000-2010",101
2856,130.206096781537,17.633598347789,4.15274184266286,5,2008,50.4167,10.3833,"50.4167 10.3833","2000-2010",112
2436,118.298242469006,67.0414332884259,6.49999985471368,5,2009,50.4167,10.3833,"50.4167 10.3833","2000-2010",99
1716,91.9251196903446,68.9394203250204,7.77112885855979,5,2010,50.4167,10.3833,"50.4167 10.3833","2000-2010",106
2340,116.116884733232,97.979762232431,8.57596755024767,6,2001,48.5833,12.1833,"48.5833 12.1833","2000-2010",100
2784,130.551643454531,82.7945112295125,7.85225788900448,6,2002,48.5833,12.1833,"48.5833 12.1833","2000-2010",98
2520,118.067321983493,84.9530660217185,7.53741918636426,6,2003,48.5833,12.1833,"48.5833 12.1833","2000-2010",109
2016,115.848053776781,85.7391892290629,6.7891933966368,6,2004,48.5833,12.1833,"48.5833 12.1833","2000-2010",102
1584,102.472306059966,115.684896044837,7.92403208094859,6,2005,48.5833,12.1833,"48.5833 12.1833","2000-2010",104
1392,97.4952029053536,92.8397426941199,8.20225788118137,6,2006,48.5833,12.1833,"48.5833 12.1833","2000-2010",115
3204,133.344857814642,71.7951300769018,7.85241917932346,6,2007,48.5833,12.1833,"48.5833 12.1833","2000-2010",98
2928,135.308004967333,40.7337793645122,5.89483857791751,6,2008,48.5833,12.1833,"48.5833 12.1833","2000-2010",106
2268,117.214244057037,59.1437673542687,6.81935468628522,6,2009,48.5833,12.1833,"48.5833 12.1833","2000-2010",108
1668,95.7055303098603,98.2536683375748,7.97096756377047,6,2010,48.5833,12.1833,"48.5833 12.1833","2000-2010",105
2268,116.67543816216,83.6183617128846,8.34290303932803,7,2001,49.1667,11.45,"49.1667 11.45","2000-2010",102
3072,136.175535472772,70.584575613141,7.25354822496733,7,2002,49.1667,11.45,"49.1667 11.45","2000-2010",98
2436,118.68948316863,53.4223750763475,5.8632256753983,7,2003,49.1667,11.45,"49.1667 11.45","2000-2010",108
1764,109.764654484582,67.6044429831467,6.92983855478345,7,2004,49.1667,11.45,"49.1667 11.45","2000-2010",108
1488,100.585058365915,110.351753824169,9.1859675366131,7,2005,49.1667,11.45,"49.1667 11.45","2000-2010",106
1356,91.007195463877,104.026427533117,8.50887077755385,7,2006,49.1667,11.45,"49.1667 11.45","2000-2010",116
3264,133.180270007191,53.79405872787,6.78677404185216,7,2007,49.1667,11.45,"49.1667 11.45","2000-2010",100
2748,126.380248330631,28.7392994285812,4.79209666708184,7,2008,49.1667,11.45,"49.1667 11.45","2000-2010",103
2268,113.209568660922,110.735574119294,7.92935466147479,7,2009,49.1667,11.45,"49.1667 11.45","2000-2010",101
1848,102.995818642895,95.2492058965827,8.6390320649671,7,2010,49.1667,11.45,"49.1667 11.45","2000-2010",101
1896,108.796341226421,30.3484482803874,5.45951600700256,8,2001,49.7167,10.2167,"49.7167 10.2167","2000-2010",114
3000,131.186242168967,34.968557757202,5.6253224549094,8,2002,49.7167,10.2167,"49.7167 10.2167","2000-2010",94
1932,98.28573882463,63.1295789925019,6.18532244239243,8,2003,49.7167,10.2167,"49.7167 10.2167","2000-2010",117
1560,97.2343875110713,33.4497691933845,5.15838698147526,8,2004,49.7167,10.2167,"49.7167 10.2167","2000-2010",106
1428,80.5054737493185,69.2193273087855,7.65225789347483,8,2005,49.7167,10.2167,"49.7167 10.2167","2000-2010",107
1368,86.4984489411957,64.1061196500375,7.09741919619902,8,2006,49.7167,10.2167,"49.7167 10.2167","2000-2010",113
3036,126.115479613841,42.9058407873345,6.35967727720497,8,2007,49.7167,10.2167,"49.7167 10.2167","2000-2010",97
2448,124.627958736981,30.710501878511,4.5346773179969,8,2008,49.7167,10.2167,"49.7167 10.2167","2000-2010",106
1824,101.436319398852,81.5163435029565,6.53338695074161,8,2009,49.7167,10.2167,"49.7167 10.2167","2000-2010",98
1764,91.517946900239,57.5623234117034,7.42258047925368,8,2010,49.7167,10.2167,"49.7167 10.2167","2000-2010",101
2064,114.547612050249,47.7963335670426,6.50887082225733,9,2001,49.3333,10.8,"49.3333 10.8","2000-2010",115
2988,132.279874997878,47.9713329284809,6.35370953540288,9,2002,49.3333,10.8,"49.3333 10.8","2000-2010",96
2448,115.472172108599,72.5457374191356,6.5670966274075,9,2003,49.3333,10.8,"49.3333 10.8","2000-2010",107
1908,110.589695871785,52.1936939697237,6.4603224362457,9,2004,49.3333,10.8,"49.3333 10.8","2000-2010",108
1656,101.690645217258,97.4670272503982,8.71580625679945,9,2005,49.3333,10.8,"49.3333 10.8","2000-2010",104
1512,97.0186432110443,74.4979482730514,7.70919337607319,9,2006,49.3333,10.8,"49.3333 10.8","2000-2010",113
3276,136.375131130095,32.5250312760603,6.06306438060898,9,2007,49.3333,10.8,"49.3333 10.8","2000-2010",96
2880,130.172525383579,22.3145387254695,4.78225795762433,9,2008,49.3333,10.8,"49.3333 10.8","2000-2010",111
2208,111.770595435384,57.7990022244103,5.98919341451819,9,2009,49.3333,10.8,"49.3333 10.8","2000-2010",101
1776,92.2350591430564,59.4188227674051,7.50032241299989,9,2010,49.3333,10.8,"49.3333 10.8","2000-2010",109
1980,111.36106284635,63.0963327641679,7.52193531574261,10,2001,49.4,11.4,"49.4 11.4","2000-2010",119
3072,135.590135535452,43.2136853937763,6.00999986566603,10,2002,49.4,11.4,"49.4 11.4","2000-2010",109
2028,102.551662232963,68.336530253916,6.44725792040868,10,2003,49.4,11.4,"49.4 11.4","2000-2010",108
1584,102.252962982157,53.5036025657089,6.18677405526321,10,2004,49.4,11.4,"49.4 11.4","2000-2010",110
1452,89.1253605661649,74.7940997578873,7.9180643391465,10,2005,49.4,11.4,"49.4 11.4","2000-2010",113
1440,91.0364719164084,109.407889085217,8.58274174364464,10,2006,49.4,11.4,"49.4 11.4","2000-2010",117
3168,126.524810258149,33.2054820634074,6.03048373617592,10,2007,49.4,11.4,"49.4 11.4","2000-2010",103
2568,128.16388844728,36.3642955751856,5.25709665668828,10,2008,49.4,11.4,"49.4 11.4","2000-2010",110
1896,101.386297104411,144.896091242748,9.02080624998217,10,2009,49.4,11.4,"49.4 11.4","2000-2010",98
1692,92.591885893487,69.4199517837913,7.65564499017332,10,2010,49.4,11.4,"49.4 11.4","2000-2010",114
2040,107.661415529571,51.5318842943579,6.94967726401744,11,2001,49.4667,9.58333,"49.4667 9.58333","2000-2010",113
3060,134.781232035493,46.5521948169676,6.08290308984297,11,2002,49.4667,9.58333,"49.4667 9.58333","2000-2010",95
2124,105.189416309818,76.3325080539932,6.53967727318166,11,2003,49.4667,9.58333,"49.4667 9.58333","2000-2010",106
1560,100.822694305437,60.4052580940056,6.57177404665779,11,2004,49.4667,9.58333,"49.4667 9.58333","2000-2010",105
1488,90.3421002444956,90.9690365910384,8.43870948879949,11,2005,49.4667,9.58333,"49.4667 9.58333","2000-2010",109
1380,86.8968789997758,105.495482037627,8.46225787536992,11,2006,49.4667,9.58333,"49.4667 9.58333","2000-2010",114
3096,129.641101230697,41.0274908257706,6.29112889164037,11,2007,49.4667,9.58333,"49.4667 9.58333","2000-2010",102
2664,130.128566928812,29.5836623781963,4.61725796131237,11,2008,49.4667,9.58333,"49.4667 9.58333","2000-2010",110
1992,106.825030625721,82.2505235251434,6.82709662159604,11,2009,49.4667,9.58333,"49.4667 9.58333","2000-2010",98
1716,94.9766529398451,68.4801238710796,6.93209661924911,11,2010,49.4667,9.58333,"49.4667 9.58333","2000-2010",104
2304,117.100600692203,39.4815958687814,5.78774180611776,12,2001,48.8833,12.6,"48.8833 12.6","2000-2010",114
3024,132.1085861705,29.3488423150518,5.19629020643451,12,2002,48.8833,12.6,"48.8833 12.6","2000-2010",105
2556,123.871164268962,68.1458903959981,6.41645146948436,12,2003,48.8833,12.6,"48.8833 12.6","2000-2010",107
2100,115.806694474269,54.1526190775219,6.3298385681945,12,2004,48.8833,12.6,"48.8833 12.6","2000-2010",104
1752,102.679272238722,87.8941827359654,8.4558062626109,12,2005,48.8833,12.6,"48.8833 12.6","2000-2010",102
1344,93.0664148217332,66.9420653565915,7.54951596028742,12,2006,48.8833,12.6,"48.8833 12.6","2000-2010",114
3324,137.172824732287,54.4373334344313,6.89999984577298,12,2007,48.8833,12.6,"48.8833 12.6","2000-2010",96
2856,133.011216702238,17.5039821017033,4.0291934583276,12,2008,48.8833,12.6,"48.8833 12.6","2000-2010",110
2412,115.696883565407,36.7411544819667,5.20580633525406,12,2009,48.8833,12.6,"48.8833 12.6","2000-2010",100
1788,91.7099565814553,62.4537348468608,7.20354822608492,12,2010,48.8833,12.6,"48.8833 12.6","2000-2010",108
2292,116.841712680922,57.5436261736209,6.69306436652738,13,2001,48.4333,10.4167,"48.4333 10.4167","2000-2010",119
2892,135.848977137754,51.0813151292391,6.61467727150528,13,2002,48.4333,10.4167,"48.4333 10.4167","2000-2010",106
2892,128.85762893152,84.9491931782357,7.31161273979852,13,2003,48.4333,10.4167,"48.4333 10.4167","2000-2010",121
2424,121.935304635897,81.785979710458,7.62596757148182,13,2004,48.4333,10.4167,"48.4333 10.4167","2000-2010",115
1884,107.483956540876,120.41655256787,8.85096754410094,13,2005,48.4333,10.4167,"48.4333 10.4167","2000-2010",115
1356,98.5784878823469,102.652549351301,8.72322561147232,13,2006,48.4333,10.4167,"48.4333 10.4167","2000-2010",116
3312,139.695778095377,74.3428446625541,7.88016111418725,13,2007,48.4333,10.4167,"48.4333 10.4167","2000-2010",108
3228,140.225978073832,28.4940000229038,5.44645149116555,13,2008,48.4333,10.4167,"48.4333 10.4167","2000-2010",112
2640,121.504922972702,61.5344508693161,7.04096758455759,13,2009,48.4333,10.4167,"48.4333 10.4167","2000-2010",104
1788,96.3233049154852,100.17143388055,8.01016111128152,13,2010,48.4333,10.4167,"48.4333 10.4167","2000-2010",120
2244,113.930564508011,42.8414117083968,6.0319353490467,14,2001,49.95,11.1667,"49.95 11.1667","2000-2010",120
3108,134.265545866936,49.2025187955543,6.30419340747739,14,2002,49.95,11.1667,"49.95 11.1667","2000-2010",112
2448,115.978679128904,30.353436566556,5.45161278137276,14,2003,49.95,11.1667,"49.95 11.1667","2000-2010",111
1944,111.648807593706,123.235471868463,9.17854818194023,14,2004,49.95,11.1667,"49.95 11.1667","2000-2010",112
1572,96.9189338569214,65.4519550952429,6.44854824296049,14,2005,49.95,11.1667,"49.95 11.1667","2000-2010",112
1416,92.4520444803896,18.3433499254783,0.361612895143128,14,2006,49.95,11.1667,"49.95 11.1667","2000-2010",122
3264,134.398455207976,13.144249043328,4.92290311577099,14,2007,49.95,11.1667,"49.95 11.1667","2000-2010",105
2736,128.837901392595,70.5139449774885,7.38241918982878,14,2008,49.95,11.1667,"49.95 11.1667","2000-2010",117
2412,115.972979443443,2.6442062867351,3.30596766804135,14,2009,49.95,11.1667,"49.95 11.1667","2000-2010",101
1776,90.2808699351123,60.4598044557021,7.4119353182013,14,2010,49.95,11.1667,"49.95 11.1667","2000-2010",115
2304,115.523828485452,48.6428777186705,6.44467727530507,15,2001,50.3,10.4667,"50.3 10.4667","2000-2010",116
3072,136.277126012057,50.4936248377732,6.40225792141451,15,2002,50.3,10.4667,"50.3 10.4667","2000-2010",102
2364,115.80248197216,89.9436133562471,7.21612887096501,15,2003,50.3,10.4667,"50.3 10.4667","2000-2010",115
1680,104.138682537598,64.0965356274162,6.68709662472529,15,2004,50.3,10.4667,"50.3 10.4667","2000-2010",112
1416,95.8111113016966,110.941314378854,9.18629011725106,15,2005,50.3,10.4667,"50.3 10.4667","2000-2010",108
1260,90.4632642088606,110.686939940073,8.59709658203346,15,2006,50.3,10.4667,"50.3 10.4667","2000-2010",117
3180,132.765771825922,63.2004803122807,7.09096758344,15,2007,50.3,10.4667,"50.3 10.4667","2000-2010",105
2784,129.608022340857,32.2897154906343,4.96774182444619,15,2008,50.3,10.4667,"50.3 10.4667","2000-2010",114
2232,113.42009036012,100.143982134448,7.54612886358894,15,2009,50.3,10.4667,"50.3 10.4667","2000-2010",101
1776,100.689956743895,94.2148171368178,8.55322561527212,15,2010,50.3,10.4667,"50.3 10.4667","2000-2010",111
1932,107.663846669464,31.7327940612497,5.31387084896766,16,2001,52.4,9.45,"52.4 9.45","2000-2010",112
2904,129.37557424813,30.5431484706478,5.12709665959401,16,2002,52.4,9.45,"52.4 9.45","2000-2010",94
2088,102.920785147656,46.1939678840123,5.40516116950781,16,2003,52.4,9.45,"52.4 9.45","2000-2010",105
1596,101.095597790225,45.9274396563545,6.09645147663691,16,2004,52.4,9.45,"52.4 9.45","2000-2010",96
1584,87.1139459913496,77.700092748131,7.92822562924196,16,2005,52.4,9.45,"52.4 9.45","2000-2010",103
1476,89.9033842896549,81.0937072125635,7.61532241042944,16,2006,52.4,9.45,"52.4 9.45","2000-2010",106
3108,125.043009603554,31.6269969651621,5.83725793404324,16,2007,52.4,9.45,"52.4 9.45","2000-2010",96
2556,125.659161306181,30.3125861546628,4.4661289324323,16,2008,52.4,9.45,"52.4 9.45","2000-2010",103
1800,100.53572073573,51.3805148779712,5.21854827045313,16,2009,52.4,9.45,"52.4 9.45","2000-2010",99
1896,90.450602825818,43.8325153485541,6.30451598811534,16,2010,52.4,9.45,"52.4 9.45","2000-2010",99
2292,110.780978185381,56.3942432778402,6.81903210564727,17,2001,49.45,10.3167,"49.45 10.3167","2000-2010",94
3012,135.804208921416,72.4560595203261,7.38112886727697,17,2002,49.45,10.3167,"49.45 10.3167","2000-2010",92
2520,117.439110763716,152.621446764445,9.27258043790296,17,2003,49.45,10.3167,"49.45 10.3167","2000-2010",104
1944,113.345138389272,67.5619882447989,7.13403209860647,17,2004,49.45,10.3167,"49.45 10.3167","2000-2010",105
1500,98.662235180143,113.08253407619,9.21887076168411,17,2005,49.45,10.3167,"49.45 10.3167","2000-2010",100
1416,96.3325657903303,113.667435747136,9.02419334668065,17,2006,49.45,10.3167,"49.45 10.3167","2000-2010",116
3204,134.395896599796,45.2993595189889,6.74516113955648,17,2007,49.45,10.3167,"49.45 10.3167","2000-2010",94
2808,133.757481070315,37.5843296856259,5.53870955361955,17,2008,49.45,10.3167,"49.45 10.3167","2000-2010",108
2136,112.368250386374,68.7016879214122,6.80177404151689,17,2009,49.45,10.3167,"49.45 10.3167","2000-2010",99
1704,94.8632195173132,96.7449963917994,8.28080626652246,17,2010,49.45,10.3167,"49.45 10.3167","2000-2010",104
